id,firstname,lastname,email,email2,profession,Age
100,Shaine,Gaspard,Shaine.Gaspard@yopmail.com,Shaine.Gaspard@gmail.com,worker,39
101,Charlena,Lenny,Charlena.Lenny@yopmail.com,Charlena.Lenny@gmail.com,firefighter,21
102,Sallie,Toni,Sallie.Toni@yopmail.com,Sallie.Toni@gmail.com,worker,31
103,Daryl,Iiette,Daryl.Iiette@yopmail.com,Daryl.Iiette@gmail.com,firefighter,24
104,Jessy,Brunell,Jessy.Brunell@yopmail.com,Jessy.Brunell@gmail.com,firefighter,
105,Kathi,Bonilla,Kathi.Bonilla@yopmail.com,Kathi.Bonilla@gmail.com,police officer,35
106,Genevra,Wu,Genevra.Wu@yopmail.com,Genevra.Wu@gmail.com,police officer,28
107,Di,Cottle,Di.Cottle@yopmail.com,Di.Cottle@gmail.com,firefighter,39
108,Flory,Masao,Flory.Masao@yopmail.com,Flory.Masao@gmail.com,firefighter,20
109,Ulrike,Alexandr,Ulrike.Alexandr@yopmail.com,Ulrike.Alexandr@gmail.com,firefighter,
110,Joeann,Kinnard,Joeann.Kinnard@yopmail.com,Joeann.Kinnard@gmail.com,doctor,20
111,Grier,Old,Grier.Old@yopmail.com,Grier.Old@gmail.com,firefighter,32
112,Joy,Arathorn,Joy.Arathorn@yopmail.com,Joy.Arathorn@gmail.com,developer,24
113,Lyssa,Eldrid,Lyssa.Eldrid@yopmail.com,Lyssa.Eldrid@gmail.com,firefighter,27
114,Norine,Abbot,Norine.Abbot@yopmail.com,Norine.Abbot@gmail.com,doctor,24
115,Sidoney,August,Sidoney.August@yopmail.com,Sidoney.August@gmail.com,doctor,22
116,Merci,Bashemeth,Merci.Bashemeth@yopmail.com,Merci.Bashemeth@gmail.com,firefighter,20
117,Susan,Malina,Susan.Malina@yopmail.com,Susan.Malina@gmail.com,developer,24
118,Rebeca,Marden,Rebeca.Marden@yopmail.com,Rebeca.Marden@gmail.com,doctor,26
119,Nollie,Felizio,Nollie.Felizio@yopmail.com,Nollie.Felizio@gmail.com,firefighter,38
120,Heida,Daniele,Heida.Daniele@yopmail.com,Heida.Daniele@gmail.com,doctor,28
121,Evaleen,Penelopa,Evaleen.Penelopa@yopmail.com,Evaleen.Penelopa@gmail.com,developer,35
122,Lynde,Drisko,Lynde.Drisko@yopmail.com,Lynde.Drisko@gmail.com,doctor,40
123,Vonny,Natica,Vonny.Natica@yopmail.com,Vonny.Natica@gmail.com,developer,30
124,Quintina,Abernon,Quintina.Abernon@yopmail.com,Quintina.Abernon@gmail.com,worker,33
125,Carmela,Clara,Carmela.Clara@yopmail.com,Carmela.Clara@gmail.com,police officer,39
126,Cassondra,Taam,Cassondra.Taam@yopmail.com,Cassondra.Taam@gmail.com,developer,27
127,Nelle,Neva,Nelle.Neva@yopmail.com,Nelle.Neva@gmail.com,worker,28
128,Nyssa,Fiester,Nyssa.Fiester@yopmail.com,Nyssa.Fiester@gmail.com,police officer,39
129,Correy,Read,Correy.Read@yopmail.com,Correy.Read@gmail.com,developer,39
130,Charissa,Schonfeld,Charissa.Schonfeld@yopmail.com,Charissa.Schonfeld@gmail.com,worker,23
131,Gabriellia,Standing,Gabriellia.Standing@yopmail.com,Gabriellia.Standing@gmail.com,doctor,29
132,Veda,Aida,Veda.Aida@yopmail.com,Veda.Aida@gmail.com,police officer,25
133,Deane,Curren,Deane.Curren@yopmail.com,Deane.Curren@gmail.com,worker,30
134,Cassondra,Adrienne,Cassondra.Adrienne@yopmail.com,Cassondra.Adrienne@gmail.com,doctor,35
135,Ardenia,Eliathas,Ardenia.Eliathas@yopmail.com,Ardenia.Eliathas@gmail.com,police officer,30
136,Fredericka,Socha,Fredericka.Socha@yopmail.com,Fredericka.Socha@gmail.com,developer,22
137,Julieta,Aprile,Julieta.Aprile@yopmail.com,Julieta.Aprile@gmail.com,worker,39
138,Gusella,Judye,Gusella.Judye@yopmail.com,Gusella.Judye@gmail.com,police officer,22
139,Aeriela,Behre,Aeriela.Behre@yopmail.com,Aeriela.Behre@gmail.com,worker,20
140,Shauna,Delila,Shauna.Delila@yopmail.com,Shauna.Delila@gmail.com,firefighter,40
141,Roberta,Sandye,Roberta.Sandye@yopmail.com,Roberta.Sandye@gmail.com,doctor,36
142,Valeda,Hourigan,Valeda.Hourigan@yopmail.com,Valeda.Hourigan@gmail.com,police officer,27
143,Lanna,Cristi,Lanna.Cristi@yopmail.com,Lanna.Cristi@gmail.com,police officer,26
144,Kathy,Hashim,Kathy.Hashim@yopmail.com,Kathy.Hashim@gmail.com,worker,21
145,Janey,Tound,Janey.Tound@yopmail.com,Janey.Tound@gmail.com,doctor,31
146,Nelle,Vivle,Nelle.Vivle@yopmail.com,Nelle.Vivle@gmail.com,doctor,20
147,Myriam,Frendel,Myriam.Frendel@yopmail.com,Myriam.Frendel@gmail.com,developer,36
148,Leontine,Gavrila,Leontine.Gavrila@yopmail.com,Leontine.Gavrila@gmail.com,developer,25
149,Delilah,Jagir,Delilah.Jagir@yopmail.com,Delilah.Jagir@gmail.com,doctor,35
150,Clary,Maribeth,Clary.Maribeth@yopmail.com,Clary.Maribeth@gmail.com,worker,23
151,Georgetta,Zina,Georgetta.Zina@yopmail.com,Georgetta.Zina@gmail.com,firefighter,40
152,Olivette,Wyn,Olivette.Wyn@yopmail.com,Olivette.Wyn@gmail.com,police officer,38
153,Sean,Poll,Sean.Poll@yopmail.com,Sean.Poll@gmail.com,doctor,33
154,Sissy,Hubert,Sissy.Hubert@yopmail.com,Sissy.Hubert@gmail.com,firefighter,40
155,Anthia,Cloris,Anthia.Cloris@yopmail.com,Anthia.Cloris@gmail.com,worker,24
156,Adriana,Daegal,Adriana.Daegal@yopmail.com,Adriana.Daegal@gmail.com,worker,33
157,Deedee,Shanley,Deedee.Shanley@yopmail.com,Deedee.Shanley@gmail.com,worker,32
158,Lorenza,Sothena,Lorenza.Sothena@yopmail.com,Lorenza.Sothena@gmail.com,doctor,20
159,Rozele,Hamil,Rozele.Hamil@yopmail.com,Rozele.Hamil@gmail.com,developer,20
160,Annaliese,Sigfrid,Annaliese.Sigfrid@yopmail.com,Annaliese.Sigfrid@gmail.com,police officer,21
161,Joceline,Rozanna,Joceline.Rozanna@yopmail.com,Joceline.Rozanna@gmail.com,worker,23
162,Nyssa,Madaih,Nyssa.Madaih@yopmail.com,Nyssa.Madaih@gmail.com,firefighter,25
163,Misha,Nicoline,Misha.Nicoline@yopmail.com,Misha.Nicoline@gmail.com,police officer,22
164,Helena,Geffner,Helena.Geffner@yopmail.com,Helena.Geffner@gmail.com,worker,29
165,Alexine,Pettiford,Alexine.Pettiford@yopmail.com,Alexine.Pettiford@gmail.com,worker,34
166,Jinny,Yerkovich,Jinny.Yerkovich@yopmail.com,Jinny.Yerkovich@gmail.com,police officer,22
167,Karolina,Giule,Karolina.Giule@yopmail.com,Karolina.Giule@gmail.com,firefighter,20
168,Anica,Kellby,Anica.Kellby@yopmail.com,Anica.Kellby@gmail.com,worker,23
169,Paule,Demitria,Paule.Demitria@yopmail.com,Paule.Demitria@gmail.com,doctor,20
170,Dotty,Philipp,Dotty.Philipp@yopmail.com,Dotty.Philipp@gmail.com,police officer,24
171,Sheelagh,Timon,Sheelagh.Timon@yopmail.com,Sheelagh.Timon@gmail.com,developer,31
172,Danika,Orpah,Danika.Orpah@yopmail.com,Danika.Orpah@gmail.com,developer,30
173,Mureil,Cath,Mureil.Cath@yopmail.com,Mureil.Cath@gmail.com,developer,23
174,Kate,Llovera,Kate.Llovera@yopmail.com,Kate.Llovera@gmail.com,firefighter,26
175,Consuela,Emmy,Consuela.Emmy@yopmail.com,Consuela.Emmy@gmail.com,police officer,33
176,Kaja,Briney,Kaja.Briney@yopmail.com,Kaja.Briney@gmail.com,doctor,20
177,Daune,Amadas,Daune.Amadas@yopmail.com,Daune.Amadas@gmail.com,developer,22
178,Joane,Madelene,Joane.Madelene@yopmail.com,Joane.Madelene@gmail.com,developer,40
179,Shauna,Kauppi,Shauna.Kauppi@yopmail.com,Shauna.Kauppi@gmail.com,worker,31
180,Danny,Hull,Danny.Hull@yopmail.com,Danny.Hull@gmail.com,developer,40
181,Darlleen,Ambrosia,Darlleen.Ambrosia@yopmail.com,Darlleen.Ambrosia@gmail.com,police officer,24
182,Kirbee,Abbot,Kirbee.Abbot@yopmail.com,Kirbee.Abbot@gmail.com,firefighter,26
183,Anica,Tacye,Anica.Tacye@yopmail.com,Anica.Tacye@gmail.com,developer,26
184,Vere,Pascia,Vere.Pascia@yopmail.com,Vere.Pascia@gmail.com,developer,20
185,Kimmy,Lauraine,Kimmy.Lauraine@yopmail.com,Kimmy.Lauraine@gmail.com,police officer,30
186,Shirlee,Middleton,Shirlee.Middleton@yopmail.com,Shirlee.Middleton@gmail.com,developer,21
187,Peri,Japeth,Peri.Japeth@yopmail.com,Peri.Japeth@gmail.com,police officer,23
188,Alyssa,Jillane,Alyssa.Jillane@yopmail.com,Alyssa.Jillane@gmail.com,doctor,36
189,Tressa,Elsinore,Tressa.Elsinore@yopmail.com,Tressa.Elsinore@gmail.com,worker,39
190,Maryellen,Neils,Maryellen.Neils@yopmail.com,Maryellen.Neils@gmail.com,police officer,24
191,Winifred,Thornburg,Winifred.Thornburg@yopmail.com,Winifred.Thornburg@gmail.com,firefighter,39
192,Trudie,Redmond,Trudie.Redmond@yopmail.com,Trudie.Redmond@gmail.com,worker,35
193,Kristina,Paton,Kristina.Paton@yopmail.com,Kristina.Paton@gmail.com,doctor,27
194,Jacenta,Santoro,Jacenta.Santoro@yopmail.com,Jacenta.Santoro@gmail.com,police officer,29
195,Courtnay,Salchunas,Courtnay.Salchunas@yopmail.com,Courtnay.Salchunas@gmail.com,worker,34
196,Elora,Fennessy,Elora.Fennessy@yopmail.com,Elora.Fennessy@gmail.com,firefighter,32
197,Daphne,Fredi,Daphne.Fredi@yopmail.com,Daphne.Fredi@gmail.com,police officer,22
198,Frank,Kare,Frank.Kare@yopmail.com,Frank.Kare@gmail.com,police officer,31
199,Tami,Drus,Tami.Drus@yopmail.com,Tami.Drus@gmail.com,worker,36
200,Gloria,Bord,Gloria.Bord@yopmail.com,Gloria.Bord@gmail.com,firefighter,40
201,Evita,Gombach,Evita.Gombach@yopmail.com,Evita.Gombach@gmail.com,doctor,31
202,Kary,Moina,Kary.Moina@yopmail.com,Kary.Moina@gmail.com,developer,33
203,Fred,Byrne,Fred.Byrne@yopmail.com,Fred.Byrne@gmail.com,firefighter,38
204,Maridel,Terencio,Maridel.Terencio@yopmail.com,Maridel.Terencio@gmail.com,developer,30
205,Charissa,Alfons,Charissa.Alfons@yopmail.com,Charissa.Alfons@gmail.com,police officer,28
206,Ruthe,Secrest,Ruthe.Secrest@yopmail.com,Ruthe.Secrest@gmail.com,worker,37
207,Dawn,Hanshaw,Dawn.Hanshaw@yopmail.com,Dawn.Hanshaw@gmail.com,doctor,23
208,Letizia,Buttaro,Letizia.Buttaro@yopmail.com,Letizia.Buttaro@gmail.com,doctor,20
209,Winifred,Lane,Winifred.Lane@yopmail.com,Winifred.Lane@gmail.com,developer,20
210,Ida,Moseley,Ida.Moseley@yopmail.com,Ida.Moseley@gmail.com,worker,32
211,Willetta,Saint,Willetta.Saint@yopmail.com,Willetta.Saint@gmail.com,doctor,22
212,Oona,Delacourt,Oona.Delacourt@yopmail.com,Oona.Delacourt@gmail.com,developer,31
213,Nollie,Poll,Nollie.Poll@yopmail.com,Nollie.Poll@gmail.com,developer,35
214,Carree,Docilla,Carree.Docilla@yopmail.com,Carree.Docilla@gmail.com,doctor,36
215,Lesly,Noelyn,Lesly.Noelyn@yopmail.com,Lesly.Noelyn@gmail.com,firefighter,36
216,Annice,Morgun,Annice.Morgun@yopmail.com,Annice.Morgun@gmail.com,worker,21
217,Berget,Emmy,Berget.Emmy@yopmail.com,Berget.Emmy@gmail.com,firefighter,24
218,Bee,Harday,Bee.Harday@yopmail.com,Bee.Harday@gmail.com,doctor,28
219,Janey,Hermes,Janey.Hermes@yopmail.com,Janey.Hermes@gmail.com,police officer,22
220,Alleen,Bonilla,Alleen.Bonilla@yopmail.com,Alleen.Bonilla@gmail.com,police officer,23
221,Sheelagh,Kronfeld,Sheelagh.Kronfeld@yopmail.com,Sheelagh.Kronfeld@gmail.com,worker,23
222,Aili,Dudley,Aili.Dudley@yopmail.com,Aili.Dudley@gmail.com,firefighter,27
223,Shauna,Schroth,Shauna.Schroth@yopmail.com,Shauna.Schroth@gmail.com,developer,21
224,Maisey,Lia,Maisey.Lia@yopmail.com,Maisey.Lia@gmail.com,doctor,39
225,Inga,Garlinda,Inga.Garlinda@yopmail.com,Inga.Garlinda@gmail.com,doctor,35
226,Clo,Waite,Clo.Waite@yopmail.com,Clo.Waite@gmail.com,firefighter,21
227,Edith,Haymes,Edith.Haymes@yopmail.com,Edith.Haymes@gmail.com,worker,25
228,Phedra,Yate,Phedra.Yate@yopmail.com,Phedra.Yate@gmail.com,police officer,39
229,Tami,Kiyoshi,Tami.Kiyoshi@yopmail.com,Tami.Kiyoshi@gmail.com,police officer,38
230,Verla,Cyrie,Verla.Cyrie@yopmail.com,Verla.Cyrie@gmail.com,firefighter,25
231,Ermengarde,Paine,Ermengarde.Paine@yopmail.com,Ermengarde.Paine@gmail.com,developer,38
232,Micheline,Cristi,Micheline.Cristi@yopmail.com,Micheline.Cristi@gmail.com,doctor,22
233,Shirlee,Clarissa,Shirlee.Clarissa@yopmail.com,Shirlee.Clarissa@gmail.com,worker,39
234,Ronna,Allina,Ronna.Allina@yopmail.com,Ronna.Allina@gmail.com,worker,31
235,Sashenka,Calhoun,Sashenka.Calhoun@yopmail.com,Sashenka.Calhoun@gmail.com,doctor,29
236,Almeta,Bluh,Almeta.Bluh@yopmail.com,Almeta.Bluh@gmail.com,firefighter,29
237,Dianemarie,Bennie,Dianemarie.Bennie@yopmail.com,Dianemarie.Bennie@gmail.com,firefighter,25
238,Kassey,Tryck,Kassey.Tryck@yopmail.com,Kassey.Tryck@gmail.com,developer,24
239,Talya,Malvino,Talya.Malvino@yopmail.com,Talya.Malvino@gmail.com,developer,21
240,Ernesta,Buttaro,Ernesta.Buttaro@yopmail.com,Ernesta.Buttaro@gmail.com,firefighter,38
241,Corry,Leopold,Corry.Leopold@yopmail.com,Corry.Leopold@gmail.com,developer,26
242,Dianemarie,Lay,Dianemarie.Lay@yopmail.com,Dianemarie.Lay@gmail.com,worker,40
243,Paulita,Eben,Paulita.Eben@yopmail.com,Paulita.Eben@gmail.com,doctor,28
244,Taffy,Hurley,Taffy.Hurley@yopmail.com,Taffy.Hurley@gmail.com,firefighter,30
245,Tamqrah,Aloise,Tamqrah.Aloise@yopmail.com,Tamqrah.Aloise@gmail.com,doctor,24
246,Marline,Fillbert,Marline.Fillbert@yopmail.com,Marline.Fillbert@gmail.com,doctor,24
247,Natka,Amethist,Natka.Amethist@yopmail.com,Natka.Amethist@gmail.com,developer,30
248,Caressa,Zeeba,Caressa.Zeeba@yopmail.com,Caressa.Zeeba@gmail.com,firefighter,21
249,Selia,Margret,Selia.Margret@yopmail.com,Selia.Margret@gmail.com,developer,24
250,Iseabal,Ortrude,Iseabal.Ortrude@yopmail.com,Iseabal.Ortrude@gmail.com,developer,37
251,Gusty,Destinee,Gusty.Destinee@yopmail.com,Gusty.Destinee@gmail.com,police officer,36
252,Perry,Sinegold,Perry.Sinegold@yopmail.com,Perry.Sinegold@gmail.com,police officer,22
253,Micheline,Brodench,Micheline.Brodench@yopmail.com,Micheline.Brodench@gmail.com,developer,28
254,Kittie,Evvie,Kittie.Evvie@yopmail.com,Kittie.Evvie@gmail.com,firefighter,40
255,Glenda,Ovid,Glenda.Ovid@yopmail.com,Glenda.Ovid@gmail.com,police officer,34
256,Di,Campball,Di.Campball@yopmail.com,Di.Campball@gmail.com,worker,20
257,Audrie,Hirsch,Audrie.Hirsch@yopmail.com,Audrie.Hirsch@gmail.com,doctor,35
258,Valera,Wooster,Valera.Wooster@yopmail.com,Valera.Wooster@gmail.com,police officer,35
259,Lonnie,Radu,Lonnie.Radu@yopmail.com,Lonnie.Radu@gmail.com,firefighter,37
260,Jemie,Fredi,Jemie.Fredi@yopmail.com,Jemie.Fredi@gmail.com,doctor,36
261,Mahalia,Lindemann,Mahalia.Lindemann@yopmail.com,Mahalia.Lindemann@gmail.com,doctor,33
262,Judy,Elbertina,Judy.Elbertina@yopmail.com,Judy.Elbertina@gmail.com,worker,22
263,Celestyna,Martguerita,Celestyna.Martguerita@yopmail.com,Celestyna.Martguerita@gmail.com,firefighter,32
264,Jorry,Meter,Jorry.Meter@yopmail.com,Jorry.Meter@gmail.com,police officer,26
265,Laurene,Simmonds,Laurene.Simmonds@yopmail.com,Laurene.Simmonds@gmail.com,doctor,25
266,Gui,Vastah,Gui.Vastah@yopmail.com,Gui.Vastah@gmail.com,firefighter,40
267,Annice,Palocz,Annice.Palocz@yopmail.com,Annice.Palocz@gmail.com,police officer,20
268,Nadine,Loeb,Nadine.Loeb@yopmail.com,Nadine.Loeb@gmail.com,worker,27
269,Gusty,Center,Gusty.Center@yopmail.com,Gusty.Center@gmail.com,developer,32
270,Rori,Roscoe,Rori.Roscoe@yopmail.com,Rori.Roscoe@gmail.com,police officer,38
271,Sabina,Bendick,Sabina.Bendick@yopmail.com,Sabina.Bendick@gmail.com,doctor,35
272,Sheelagh,Dreda,Sheelagh.Dreda@yopmail.com,Sheelagh.Dreda@gmail.com,firefighter,38
273,Belva,Kimmie,Belva.Kimmie@yopmail.com,Belva.Kimmie@gmail.com,firefighter,37
274,Jolyn,Buckler,Jolyn.Buckler@yopmail.com,Jolyn.Buckler@gmail.com,police officer,34
275,Norine,Ardra,Norine.Ardra@yopmail.com,Norine.Ardra@gmail.com,police officer,29
276,Alleen,Durware,Alleen.Durware@yopmail.com,Alleen.Durware@gmail.com,developer,30
277,Debee,Infield,Debee.Infield@yopmail.com,Debee.Infield@gmail.com,police officer,39
278,Ana,Alrich,Ana.Alrich@yopmail.com,Ana.Alrich@gmail.com,worker,27
279,Ricky,Hortensia,Ricky.Hortensia@yopmail.com,Ricky.Hortensia@gmail.com,doctor,32
280,Chloris,Lory,Chloris.Lory@yopmail.com,Chloris.Lory@gmail.com,worker,23
281,Mary,Gilmour,Mary.Gilmour@yopmail.com,Mary.Gilmour@gmail.com,police officer,22
282,Nita,Medrek,Nita.Medrek@yopmail.com,Nita.Medrek@gmail.com,doctor,28
283,Ira,Tound,Ira.Tound@yopmail.com,Ira.Tound@gmail.com,police officer,28
284,Cristine,Elisha,Cristine.Elisha@yopmail.com,Cristine.Elisha@gmail.com,firefighter,37
285,Lynde,Chrystel,Lynde.Chrystel@yopmail.com,Lynde.Chrystel@gmail.com,police officer,25
286,Janis,Doig,Janis.Doig@yopmail.com,Janis.Doig@gmail.com,firefighter,33
287,Dagmar,Friede,Dagmar.Friede@yopmail.com,Dagmar.Friede@gmail.com,firefighter,23
288,Sarette,Christine,Sarette.Christine@yopmail.com,Sarette.Christine@gmail.com,developer,30
289,Jackie,Parsaye,Jackie.Parsaye@yopmail.com,Jackie.Parsaye@gmail.com,worker,35
290,Deedee,Harned,Deedee.Harned@yopmail.com,Deedee.Harned@gmail.com,developer,36
291,Winifred,Gino,Winifred.Gino@yopmail.com,Winifred.Gino@gmail.com,doctor,30
292,Estell,Karylin,Estell.Karylin@yopmail.com,Estell.Karylin@gmail.com,developer,21
293,Ruthe,Eiser,Ruthe.Eiser@yopmail.com,Ruthe.Eiser@gmail.com,police officer,40
294,Phedra,Toor,Phedra.Toor@yopmail.com,Phedra.Toor@gmail.com,police officer,22
295,Marguerite,Brenn,Marguerite.Brenn@yopmail.com,Marguerite.Brenn@gmail.com,developer,20
296,Beth,Howlyn,Beth.Howlyn@yopmail.com,Beth.Howlyn@gmail.com,police officer,22
297,Brooks,Wyn,Brooks.Wyn@yopmail.com,Brooks.Wyn@gmail.com,doctor,40
298,Jinny,Geffner,Jinny.Geffner@yopmail.com,Jinny.Geffner@gmail.com,firefighter,30
299,Gilligan,Anestassia,Gilligan.Anestassia@yopmail.com,Gilligan.Anestassia@gmail.com,doctor,39
300,Frank,Oriana,Frank.Oriana@yopmail.com,Frank.Oriana@gmail.com,worker,38
301,Mary,Roumell,Mary.Roumell@yopmail.com,Mary.Roumell@gmail.com,firefighter,27
302,Leia,Ietta,Leia.Ietta@yopmail.com,Leia.Ietta@gmail.com,firefighter,32
303,Darlleen,Kolnick,Darlleen.Kolnick@yopmail.com,Darlleen.Kolnick@gmail.com,police officer,31
304,Margette,Gladstone,Margette.Gladstone@yopmail.com,Margette.Gladstone@gmail.com,doctor,23
305,Elvira,Erich,Elvira.Erich@yopmail.com,Elvira.Erich@gmail.com,doctor,38
306,Marjie,Sikorski,Marjie.Sikorski@yopmail.com,Marjie.Sikorski@gmail.com,doctor,25
307,Alie,Hull,Alie.Hull@yopmail.com,Alie.Hull@gmail.com,worker,30
308,Nariko,Cristi,Nariko.Cristi@yopmail.com,Nariko.Cristi@gmail.com,police officer,21
309,Lucille,Odell,Lucille.Odell@yopmail.com,Lucille.Odell@gmail.com,police officer,31
310,Steffane,Monk,Steffane.Monk@yopmail.com,Steffane.Monk@gmail.com,worker,27
311,Selma,Stephie,Selma.Stephie@yopmail.com,Selma.Stephie@gmail.com,developer,32
312,Felice,Saree,Felice.Saree@yopmail.com,Felice.Saree@gmail.com,firefighter,37
313,Andree,Anyah,Andree.Anyah@yopmail.com,Andree.Anyah@gmail.com,doctor,28
314,Dotty,Hubert,Dotty.Hubert@yopmail.com,Dotty.Hubert@gmail.com,police officer,31
315,Jorry,Frodi,Jorry.Frodi@yopmail.com,Jorry.Frodi@gmail.com,worker,36
316,Kenna,Raseda,Kenna.Raseda@yopmail.com,Kenna.Raseda@gmail.com,worker,27
317,Jaime,Brunell,Jaime.Brunell@yopmail.com,Jaime.Brunell@gmail.com,developer,31
318,Daphne,Prober,Daphne.Prober@yopmail.com,Daphne.Prober@gmail.com,police officer,38
319,Cacilie,Gavrila,Cacilie.Gavrila@yopmail.com,Cacilie.Gavrila@gmail.com,worker,40
320,Trudie,Salvidor,Trudie.Salvidor@yopmail.com,Trudie.Salvidor@gmail.com,police officer,38
321,Shaylyn,Dowski,Shaylyn.Dowski@yopmail.com,Shaylyn.Dowski@gmail.com,worker,33
322,Sheelagh,Jacinda,Sheelagh.Jacinda@yopmail.com,Sheelagh.Jacinda@gmail.com,doctor,35
323,Sharlene,Codding,Sharlene.Codding@yopmail.com,Sharlene.Codding@gmail.com,worker,29
324,Melina,Alrich,Melina.Alrich@yopmail.com,Melina.Alrich@gmail.com,worker,25
325,Roxane,Bow,Roxane.Bow@yopmail.com,Roxane.Bow@gmail.com,firefighter,32
326,Hermione,Pascia,Hermione.Pascia@yopmail.com,Hermione.Pascia@gmail.com,firefighter,26
327,Mahalia,Santoro,Mahalia.Santoro@yopmail.com,Mahalia.Santoro@gmail.com,doctor,32
328,Phedra,Japeth,Phedra.Japeth@yopmail.com,Phedra.Japeth@gmail.com,firefighter,21
329,Dari,Paton,Dari.Paton@yopmail.com,Dari.Paton@gmail.com,police officer,29
330,Hallie,Dowski,Hallie.Dowski@yopmail.com,Hallie.Dowski@gmail.com,police officer,22
331,Liana,Sasnett,Liana.Sasnett@yopmail.com,Liana.Sasnett@gmail.com,developer,31
332,Nannie,Ledah,Nannie.Ledah@yopmail.com,Nannie.Ledah@gmail.com,doctor,27
333,Madelle,Thomasina,Madelle.Thomasina@yopmail.com,Madelle.Thomasina@gmail.com,developer,39
334,Alyda,Tatianas,Alyda.Tatianas@yopmail.com,Alyda.Tatianas@gmail.com,worker,39
335,Sibella,Jary,Sibella.Jary@yopmail.com,Sibella.Jary@gmail.com,doctor,25
336,Doro,Thunell,Doro.Thunell@yopmail.com,Doro.Thunell@gmail.com,doctor,25
337,Bobbi,Drisko,Bobbi.Drisko@yopmail.com,Bobbi.Drisko@gmail.com,doctor,35
338,Emylee,Nelsen,Emylee.Nelsen@yopmail.com,Emylee.Nelsen@gmail.com,doctor,29
339,Linzy,Brodench,Linzy.Brodench@yopmail.com,Linzy.Brodench@gmail.com,developer,25
340,Alyssa,Yerkovich,Alyssa.Yerkovich@yopmail.com,Alyssa.Yerkovich@gmail.com,worker,29
341,Roxane,Alejoa,Roxane.Alejoa@yopmail.com,Roxane.Alejoa@gmail.com,doctor,31
342,Andeee,Dimitris,Andeee.Dimitris@yopmail.com,Andeee.Dimitris@gmail.com,doctor,29
343,Stevana,Irmine,Stevana.Irmine@yopmail.com,Stevana.Irmine@gmail.com,worker,36
344,Marline,Haerr,Marline.Haerr@yopmail.com,Marline.Haerr@gmail.com,worker,30
345,Janenna,Baudin,Janenna.Baudin@yopmail.com,Janenna.Baudin@gmail.com,developer,30
346,Robinia,Firmin,Robinia.Firmin@yopmail.com,Robinia.Firmin@gmail.com,doctor,22
347,Meghann,Duwalt,Meghann.Duwalt@yopmail.com,Meghann.Duwalt@gmail.com,police officer,33
348,Madelle,Mayeda,Madelle.Mayeda@yopmail.com,Madelle.Mayeda@gmail.com,police officer,29
349,Cindelyn,Mayeda,Cindelyn.Mayeda@yopmail.com,Cindelyn.Mayeda@gmail.com,firefighter,23
350,Maye,Tamsky,Maye.Tamsky@yopmail.com,Maye.Tamsky@gmail.com,worker,31
351,Therine,Cleavland,Therine.Cleavland@yopmail.com,Therine.Cleavland@gmail.com,worker,25
352,Leanna,Chapland,Leanna.Chapland@yopmail.com,Leanna.Chapland@gmail.com,developer,37
353,Margalo,Schlosser,Margalo.Schlosser@yopmail.com,Margalo.Schlosser@gmail.com,developer,25
354,Caressa,Birdella,Caressa.Birdella@yopmail.com,Caressa.Birdella@gmail.com,worker,39
355,Jenilee,Clarissa,Jenilee.Clarissa@yopmail.com,Jenilee.Clarissa@gmail.com,police officer,36
356,Cassondra,Saint,Cassondra.Saint@yopmail.com,Cassondra.Saint@gmail.com,developer,28
357,Dolli,Kylander,Dolli.Kylander@yopmail.com,Dolli.Kylander@gmail.com,worker,25
358,Ira,Tengdin,Ira.Tengdin@yopmail.com,Ira.Tengdin@gmail.com,developer,39
359,Jean,Madaih,Jean.Madaih@yopmail.com,Jean.Madaih@gmail.com,police officer,20
360,Dyann,Ranjiv,Dyann.Ranjiv@yopmail.com,Dyann.Ranjiv@gmail.com,developer,22
361,Thalia,Aldric,Thalia.Aldric@yopmail.com,Thalia.Aldric@gmail.com,worker,35
362,Elbertina,Thema,Elbertina.Thema@yopmail.com,Elbertina.Thema@gmail.com,firefighter,40
363,Ardys,Darian,Ardys.Darian@yopmail.com,Ardys.Darian@gmail.com,worker,23
364,Rosabelle,Codding,Rosabelle.Codding@yopmail.com,Rosabelle.Codding@gmail.com,doctor,23
365,Gretal,Eldrid,Gretal.Eldrid@yopmail.com,Gretal.Eldrid@gmail.com,doctor,21
366,Queenie,Obed,Queenie.Obed@yopmail.com,Queenie.Obed@gmail.com,doctor,32
367,Briney,Eben,Briney.Eben@yopmail.com,Briney.Eben@gmail.com,developer,38
368,Margarette,Bury,Margarette.Bury@yopmail.com,Margarette.Bury@gmail.com,police officer,34
369,Leia,Maryanne,Leia.Maryanne@yopmail.com,Leia.Maryanne@gmail.com,doctor,39
370,Gwenneth,Clarissa,Gwenneth.Clarissa@yopmail.com,Gwenneth.Clarissa@gmail.com,worker,20
371,Katuscha,Reinke,Katuscha.Reinke@yopmail.com,Katuscha.Reinke@gmail.com,firefighter,36
372,Sashenka,McNully,Sashenka.McNully@yopmail.com,Sashenka.McNully@gmail.com,developer,38
373,Mildrid,Earlie,Mildrid.Earlie@yopmail.com,Mildrid.Earlie@gmail.com,firefighter,39
374,Evita,Aldric,Evita.Aldric@yopmail.com,Evita.Aldric@gmail.com,doctor,40
375,Katuscha,Lea,Katuscha.Lea@yopmail.com,Katuscha.Lea@gmail.com,doctor,30
376,Nelle,Eliathas,Nelle.Eliathas@yopmail.com,Nelle.Eliathas@gmail.com,doctor,28
377,Robbi,Pip,Robbi.Pip@yopmail.com,Robbi.Pip@gmail.com,developer,36
378,Tracey,Francene,Tracey.Francene@yopmail.com,Tracey.Francene@gmail.com,worker,27
379,Charissa,Schroth,Charissa.Schroth@yopmail.com,Charissa.Schroth@gmail.com,firefighter,34
380,Sam,Lattie,Sam.Lattie@yopmail.com,Sam.Lattie@gmail.com,doctor,36
381,Cherrita,Hollingsworth,Cherrita.Hollingsworth@yopmail.com,Cherrita.Hollingsworth@gmail.com,doctor,31
382,Vanessa,Leary,Vanessa.Leary@yopmail.com,Vanessa.Leary@gmail.com,doctor,34
383,Sue,Zachary,Sue.Zachary@yopmail.com,Sue.Zachary@gmail.com,police officer,40
384,Fidelia,Nerita,Fidelia.Nerita@yopmail.com,Fidelia.Nerita@gmail.com,firefighter,38
385,Fidelia,Lea,Fidelia.Lea@yopmail.com,Fidelia.Lea@gmail.com,doctor,24
386,Chastity,Chrystel,Chastity.Chrystel@yopmail.com,Chastity.Chrystel@gmail.com,worker,39
387,Alyda,Raseda,Alyda.Raseda@yopmail.com,Alyda.Raseda@gmail.com,doctor,22
388,Tera,Raseda,Tera.Raseda@yopmail.com,Tera.Raseda@gmail.com,worker,38
389,Paola,Braun,Paola.Braun@yopmail.com,Paola.Braun@gmail.com,firefighter,21
390,Deane,Vittoria,Deane.Vittoria@yopmail.com,Deane.Vittoria@gmail.com,police officer,29
391,Stevana,Mendez,Stevana.Mendez@yopmail.com,Stevana.Mendez@gmail.com,developer,24
392,Lesly,Stav,Lesly.Stav@yopmail.com,Lesly.Stav@gmail.com,worker,26
393,Julieta,Toffic,Julieta.Toffic@yopmail.com,Julieta.Toffic@gmail.com,worker,26
394,Barbara,Killigrew,Barbara.Killigrew@yopmail.com,Barbara.Killigrew@gmail.com,police officer,23
395,Flory,Sikorski,Flory.Sikorski@yopmail.com,Flory.Sikorski@gmail.com,firefighter,27
396,Imojean,Raama,Imojean.Raama@yopmail.com,Imojean.Raama@gmail.com,worker,34
397,Eolanda,Keily,Eolanda.Keily@yopmail.com,Eolanda.Keily@gmail.com,police officer,30
398,Melina,Gabrielli,Melina.Gabrielli@yopmail.com,Melina.Gabrielli@gmail.com,doctor,36
399,Inga,Middleton,Inga.Middleton@yopmail.com,Inga.Middleton@gmail.com,firefighter,30
400,Mathilda,Felizio,Mathilda.Felizio@yopmail.com,Mathilda.Felizio@gmail.com,firefighter,38
401,Wendi,Bakerman,Wendi.Bakerman@yopmail.com,Wendi.Bakerman@gmail.com,firefighter,21
402,Tarra,Montgomery,Tarra.Montgomery@yopmail.com,Tarra.Montgomery@gmail.com,developer,29
403,Karena,Engdahl,Karena.Engdahl@yopmail.com,Karena.Engdahl@gmail.com,firefighter,33
404,Marnia,Dominy,Marnia.Dominy@yopmail.com,Marnia.Dominy@gmail.com,doctor,36
405,Barbara,Bergman,Barbara.Bergman@yopmail.com,Barbara.Bergman@gmail.com,police officer,25
406,Arlina,Teddman,Arlina.Teddman@yopmail.com,Arlina.Teddman@gmail.com,doctor,24
407,Emmey,Brady,Emmey.Brady@yopmail.com,Emmey.Brady@gmail.com,police officer,37
408,Sharai,Nance,Sharai.Nance@yopmail.com,Sharai.Nance@gmail.com,police officer,23
409,Brianna,Hazlett,Brianna.Hazlett@yopmail.com,Brianna.Hazlett@gmail.com,doctor,29
410,Cassondra,Decato,Cassondra.Decato@yopmail.com,Cassondra.Decato@gmail.com,worker,31
411,Gale,Corilla,Gale.Corilla@yopmail.com,Gale.Corilla@gmail.com,developer,30
412,Hollie,Ventre,Hollie.Ventre@yopmail.com,Hollie.Ventre@gmail.com,police officer,28
413,Mireielle,Wind,Mireielle.Wind@yopmail.com,Mireielle.Wind@gmail.com,doctor,25
414,Dode,Dash,Dode.Dash@yopmail.com,Dode.Dash@gmail.com,firefighter,29
415,Fanchon,Catie,Fanchon.Catie@yopmail.com,Fanchon.Catie@gmail.com,developer,28
416,Vita,Land,Vita.Land@yopmail.com,Vita.Land@gmail.com,doctor,37
417,Roxane,Blake,Roxane.Blake@yopmail.com,Roxane.Blake@gmail.com,firefighter,40
418,Lenna,Lail,Lenna.Lail@yopmail.com,Lenna.Lail@gmail.com,developer,21
419,Farrah,Rosalba,Farrah.Rosalba@yopmail.com,Farrah.Rosalba@gmail.com,police officer,34
420,Lorne,Kat,Lorne.Kat@yopmail.com,Lorne.Kat@gmail.com,worker,32
421,Chloris,Santoro,Chloris.Santoro@yopmail.com,Chloris.Santoro@gmail.com,police officer,27
422,Angelique,Japeth,Angelique.Japeth@yopmail.com,Angelique.Japeth@gmail.com,developer,20
423,Nelle,Cohdwell,Nelle.Cohdwell@yopmail.com,Nelle.Cohdwell@gmail.com,worker,38
424,Abbie,Aprile,Abbie.Aprile@yopmail.com,Abbie.Aprile@gmail.com,developer,20
425,Rori,Kiyoshi,Rori.Kiyoshi@yopmail.com,Rori.Kiyoshi@gmail.com,developer,21
426,Anestassia,Guthrie,Anestassia.Guthrie@yopmail.com,Anestassia.Guthrie@gmail.com,firefighter,25
427,Caressa,Terrence,Caressa.Terrence@yopmail.com,Caressa.Terrence@gmail.com,firefighter,25
428,Mamie,Henrie,Mamie.Henrie@yopmail.com,Mamie.Henrie@gmail.com,firefighter,36
429,Barbara,Atonsah,Barbara.Atonsah@yopmail.com,Barbara.Atonsah@gmail.com,doctor,20
430,Alexine,Bonucci,Alexine.Bonucci@yopmail.com,Alexine.Bonucci@gmail.com,police officer,25
431,Bibby,Paton,Bibby.Paton@yopmail.com,Bibby.Paton@gmail.com,doctor,34
432,Arlina,Bates,Arlina.Bates@yopmail.com,Arlina.Bates@gmail.com,developer,25
433,Esmeralda,Vittoria,Esmeralda.Vittoria@yopmail.com,Esmeralda.Vittoria@gmail.com,worker,26
434,Shel,Milson,Shel.Milson@yopmail.com,Shel.Milson@gmail.com,worker,38
435,Tierney,Maisey,Tierney.Maisey@yopmail.com,Tierney.Maisey@gmail.com,firefighter,33
436,Celisse,Brenn,Celisse.Brenn@yopmail.com,Celisse.Brenn@gmail.com,firefighter,38
437,Morganica,Gahl,Morganica.Gahl@yopmail.com,Morganica.Gahl@gmail.com,worker,38
438,Leona,Kauppi,Leona.Kauppi@yopmail.com,Leona.Kauppi@gmail.com,developer,34
439,Harmonia,Bettine,Harmonia.Bettine@yopmail.com,Harmonia.Bettine@gmail.com,doctor,20
440,Vonny,Pernick,Vonny.Pernick@yopmail.com,Vonny.Pernick@gmail.com,doctor,36
441,Riannon,Katrine,Riannon.Katrine@yopmail.com,Riannon.Katrine@gmail.com,firefighter,32
442,Lulita,Mendez,Lulita.Mendez@yopmail.com,Lulita.Mendez@gmail.com,firefighter,29
443,Paulita,Hepsibah,Paulita.Hepsibah@yopmail.com,Paulita.Hepsibah@gmail.com,developer,32
444,Vinita,Lilas,Vinita.Lilas@yopmail.com,Vinita.Lilas@gmail.com,firefighter,24
445,Lacie,Janith,Lacie.Janith@yopmail.com,Lacie.Janith@gmail.com,firefighter,32
446,Mathilda,Jacqui,Mathilda.Jacqui@yopmail.com,Mathilda.Jacqui@gmail.com,police officer,25
447,Shirlee,McClimans,Shirlee.McClimans@yopmail.com,Shirlee.McClimans@gmail.com,developer,36
448,Lenna,Aaberg,Lenna.Aaberg@yopmail.com,Lenna.Aaberg@gmail.com,firefighter,32
449,Agnese,Cadmar,Agnese.Cadmar@yopmail.com,Agnese.Cadmar@gmail.com,doctor,26
450,Adele,Rozanna,Adele.Rozanna@yopmail.com,Adele.Rozanna@gmail.com,doctor,34
451,Minda,Astra,Minda.Astra@yopmail.com,Minda.Astra@gmail.com,firefighter,27
452,Lynde,Joseph,Lynde.Joseph@yopmail.com,Lynde.Joseph@gmail.com,firefighter,36
453,Dode,Lissi,Dode.Lissi@yopmail.com,Dode.Lissi@gmail.com,worker,38
454,Clementine,Garbe,Clementine.Garbe@yopmail.com,Clementine.Garbe@gmail.com,doctor,35
455,Gabriellia,Margret,Gabriellia.Margret@yopmail.com,Gabriellia.Margret@gmail.com,firefighter,21
456,Lyssa,Lymann,Lyssa.Lymann@yopmail.com,Lyssa.Lymann@gmail.com,developer,22
457,Belva,Fry,Belva.Fry@yopmail.com,Belva.Fry@gmail.com,doctor,39
458,Clary,Parette,Clary.Parette@yopmail.com,Clary.Parette@gmail.com,worker,35
459,Marsiella,Harday,Marsiella.Harday@yopmail.com,Marsiella.Harday@gmail.com,doctor,24
460,Ellette,Pearse,Ellette.Pearse@yopmail.com,Ellette.Pearse@gmail.com,police officer,37
461,Anthia,Hurley,Anthia.Hurley@yopmail.com,Anthia.Hurley@gmail.com,developer,30
462,Gabi,Reinke,Gabi.Reinke@yopmail.com,Gabi.Reinke@gmail.com,developer,29
463,Olwen,Tristram,Olwen.Tristram@yopmail.com,Olwen.Tristram@gmail.com,police officer,27
464,Julieta,Syd,Julieta.Syd@yopmail.com,Julieta.Syd@gmail.com,police officer,29
465,Ulrike,Noam,Ulrike.Noam@yopmail.com,Ulrike.Noam@gmail.com,firefighter,31
466,Jerry,Gusella,Jerry.Gusella@yopmail.com,Jerry.Gusella@gmail.com,developer,21
467,Leontine,Latini,Leontine.Latini@yopmail.com,Leontine.Latini@gmail.com,firefighter,40
468,Norine,Sekofski,Norine.Sekofski@yopmail.com,Norine.Sekofski@gmail.com,firefighter,40
469,Blinni,Fulmer,Blinni.Fulmer@yopmail.com,Blinni.Fulmer@gmail.com,firefighter,35
470,Bobbi,Parsaye,Bobbi.Parsaye@yopmail.com,Bobbi.Parsaye@gmail.com,developer,40
471,Viviene,Niles,Viviene.Niles@yopmail.com,Viviene.Niles@gmail.com,police officer,21
472,Rori,Stacy,Rori.Stacy@yopmail.com,Rori.Stacy@gmail.com,developer,27
473,Alejandra,Lynn,Alejandra.Lynn@yopmail.com,Alejandra.Lynn@gmail.com,firefighter,32
474,Ardys,Bari,Ardys.Bari@yopmail.com,Ardys.Bari@gmail.com,firefighter,33
475,Leona,Baylor,Leona.Baylor@yopmail.com,Leona.Baylor@gmail.com,doctor,32
476,Claudina,Stacy,Claudina.Stacy@yopmail.com,Claudina.Stacy@gmail.com,firefighter,40
477,Gwyneth,Henrie,Gwyneth.Henrie@yopmail.com,Gwyneth.Henrie@gmail.com,worker,26
478,Dania,Flyn,Dania.Flyn@yopmail.com,Dania.Flyn@gmail.com,police officer,37
479,Cyndie,Paton,Cyndie.Paton@yopmail.com,Cyndie.Paton@gmail.com,firefighter,25
480,Fina,Brodench,Fina.Brodench@yopmail.com,Fina.Brodench@gmail.com,doctor,38
481,Sam,Rodmann,Sam.Rodmann@yopmail.com,Sam.Rodmann@gmail.com,police officer,27
482,Korrie,Gladstone,Korrie.Gladstone@yopmail.com,Korrie.Gladstone@gmail.com,police officer,40
483,Lynnea,McCutcheon,Lynnea.McCutcheon@yopmail.com,Lynnea.McCutcheon@gmail.com,police officer,21
484,Jerry,Reidar,Jerry.Reidar@yopmail.com,Jerry.Reidar@gmail.com,developer,29
485,Minne,Forrer,Minne.Forrer@yopmail.com,Minne.Forrer@gmail.com,police officer,25
486,Maisey,Stuart,Maisey.Stuart@yopmail.com,Maisey.Stuart@gmail.com,worker,37
487,Emmey,Read,Emmey.Read@yopmail.com,Emmey.Read@gmail.com,developer,40
488,Delilah,Rozanna,Delilah.Rozanna@yopmail.com,Delilah.Rozanna@gmail.com,doctor,22
489,Emmey,Rudolph,Emmey.Rudolph@yopmail.com,Emmey.Rudolph@gmail.com,worker,38
490,Merry,Modie,Merry.Modie@yopmail.com,Merry.Modie@gmail.com,police officer,38
491,Cristabel,Claudine,Cristabel.Claudine@yopmail.com,Cristabel.Claudine@gmail.com,firefighter,40
492,Desirae,Gunn,Desirae.Gunn@yopmail.com,Desirae.Gunn@gmail.com,doctor,28
493,Minda,Lay,Minda.Lay@yopmail.com,Minda.Lay@gmail.com,firefighter,20
494,Yvonne,Rocray,Yvonne.Rocray@yopmail.com,Yvonne.Rocray@gmail.com,police officer,27
495,Gerianna,Albertine,Gerianna.Albertine@yopmail.com,Gerianna.Albertine@gmail.com,worker,21
496,Sybille,Faso,Sybille.Faso@yopmail.com,Sybille.Faso@gmail.com,doctor,29
497,Melina,Artie,Melina.Artie@yopmail.com,Melina.Artie@gmail.com,worker,28
498,Tori,Loeb,Tori.Loeb@yopmail.com,Tori.Loeb@gmail.com,developer,32
499,Karly,Schroth,Karly.Schroth@yopmail.com,Karly.Schroth@gmail.com,police officer,29
500,Raquela,Posner,Raquela.Posner@yopmail.com,Raquela.Posner@gmail.com,firefighter,36
501,Rivalee,Parsaye,Rivalee.Parsaye@yopmail.com,Rivalee.Parsaye@gmail.com,doctor,38
502,Carly,Judye,Carly.Judye@yopmail.com,Carly.Judye@gmail.com,firefighter,22
503,Dania,Ball,Dania.Ball@yopmail.com,Dania.Ball@gmail.com,firefighter,27
504,Betta,Margarete,Betta.Margarete@yopmail.com,Betta.Margarete@gmail.com,worker,27
505,Celene,Bibi,Celene.Bibi@yopmail.com,Celene.Bibi@gmail.com,police officer,20
506,Lusa,Magdalen,Lusa.Magdalen@yopmail.com,Lusa.Magdalen@gmail.com,police officer,35
507,Paola,Stuart,Paola.Stuart@yopmail.com,Paola.Stuart@gmail.com,police officer,32
508,Rhea,Burkle,Rhea.Burkle@yopmail.com,Rhea.Burkle@gmail.com,developer,27
509,Sarette,Carlson,Sarette.Carlson@yopmail.com,Sarette.Carlson@gmail.com,doctor,22
510,Clementine,Norvol,Clementine.Norvol@yopmail.com,Clementine.Norvol@gmail.com,doctor,28
511,Nadine,Eben,Nadine.Eben@yopmail.com,Nadine.Eben@gmail.com,doctor,37
512,Elise,Hessler,Elise.Hessler@yopmail.com,Elise.Hessler@gmail.com,firefighter,31
513,Annice,Jagir,Annice.Jagir@yopmail.com,Annice.Jagir@gmail.com,worker,28
514,Karena,Moseley,Karena.Moseley@yopmail.com,Karena.Moseley@gmail.com,firefighter,22
515,Gavrielle,Salchunas,Gavrielle.Salchunas@yopmail.com,Gavrielle.Salchunas@gmail.com,doctor,36
516,Kenna,Sekofski,Kenna.Sekofski@yopmail.com,Kenna.Sekofski@gmail.com,police officer,24
517,Taffy,Serilda,Taffy.Serilda@yopmail.com,Taffy.Serilda@gmail.com,worker,37
518,Lanae,Kamaria,Lanae.Kamaria@yopmail.com,Lanae.Kamaria@gmail.com,developer,25
519,Veda,Israeli,Veda.Israeli@yopmail.com,Veda.Israeli@gmail.com,police officer,26
520,Alisha,Wooster,Alisha.Wooster@yopmail.com,Alisha.Wooster@gmail.com,developer,25
521,Anallese,Susannah,Anallese.Susannah@yopmail.com,Anallese.Susannah@gmail.com,doctor,25
522,Tobe,Barbey,Tobe.Barbey@yopmail.com,Tobe.Barbey@gmail.com,firefighter,33
523,Juliane,Miru,Juliane.Miru@yopmail.com,Juliane.Miru@gmail.com,police officer,24
524,Marcelline,Hurley,Marcelline.Hurley@yopmail.com,Marcelline.Hurley@gmail.com,worker,26
525,Taffy,Sharl,Taffy.Sharl@yopmail.com,Taffy.Sharl@gmail.com,police officer,35
526,Bernardine,Sancho,Bernardine.Sancho@yopmail.com,Bernardine.Sancho@gmail.com,developer,22
527,Teriann,Elvyn,Teriann.Elvyn@yopmail.com,Teriann.Elvyn@gmail.com,firefighter,26
528,Aubrie,Center,Aubrie.Center@yopmail.com,Aubrie.Center@gmail.com,police officer,22
529,Hollie,Leonard,Hollie.Leonard@yopmail.com,Hollie.Leonard@gmail.com,doctor,30
530,Ezmeralda,Zola,Ezmeralda.Zola@yopmail.com,Ezmeralda.Zola@gmail.com,police officer,38
531,Fidelia,Ferino,Fidelia.Ferino@yopmail.com,Fidelia.Ferino@gmail.com,worker,36
532,Eadie,Bandeen,Eadie.Bandeen@yopmail.com,Eadie.Bandeen@gmail.com,worker,21
533,Hildegaard,Juliet,Hildegaard.Juliet@yopmail.com,Hildegaard.Juliet@gmail.com,worker,32
534,Cecile,Behre,Cecile.Behre@yopmail.com,Cecile.Behre@gmail.com,doctor,26
535,Dania,Albertine,Dania.Albertine@yopmail.com,Dania.Albertine@gmail.com,firefighter,23
536,Chandra,Vacuva,Chandra.Vacuva@yopmail.com,Chandra.Vacuva@gmail.com,developer,26
537,Laurene,Herrera,Laurene.Herrera@yopmail.com,Laurene.Herrera@gmail.com,worker,31
538,Deirdre,Anyah,Deirdre.Anyah@yopmail.com,Deirdre.Anyah@gmail.com,police officer,24
539,Britni,Tatianas,Britni.Tatianas@yopmail.com,Britni.Tatianas@gmail.com,police officer,37
540,Netty,Xerxes,Netty.Xerxes@yopmail.com,Netty.Xerxes@gmail.com,firefighter,40
541,Alyssa,Azeria,Alyssa.Azeria@yopmail.com,Alyssa.Azeria@gmail.com,developer,26
542,Valera,Vittoria,Valera.Vittoria@yopmail.com,Valera.Vittoria@gmail.com,worker,26
543,Deedee,Joachim,Deedee.Joachim@yopmail.com,Deedee.Joachim@gmail.com,developer,32
544,Bobinette,Sidonius,Bobinette.Sidonius@yopmail.com,Bobinette.Sidonius@gmail.com,police officer,22
545,Jaime,Sperling,Jaime.Sperling@yopmail.com,Jaime.Sperling@gmail.com,police officer,34
546,Clo,Rhu,Clo.Rhu@yopmail.com,Clo.Rhu@gmail.com,firefighter,36
547,Wilma,Karylin,Wilma.Karylin@yopmail.com,Wilma.Karylin@gmail.com,worker,22
548,Cyb,Genna,Cyb.Genna@yopmail.com,Cyb.Genna@gmail.com,doctor,21
549,Evaleen,Ahab,Evaleen.Ahab@yopmail.com,Evaleen.Ahab@gmail.com,doctor,22
550,Fred,Juan,Fred.Juan@yopmail.com,Fred.Juan@gmail.com,worker,39
551,Cindelyn,Engdahl,Cindelyn.Engdahl@yopmail.com,Cindelyn.Engdahl@gmail.com,doctor,27
552,Priscilla,Carvey,Priscilla.Carvey@yopmail.com,Priscilla.Carvey@gmail.com,developer,28
553,Raquela,Cimbura,Raquela.Cimbura@yopmail.com,Raquela.Cimbura@gmail.com,police officer,29
554,Frank,Dudley,Frank.Dudley@yopmail.com,Frank.Dudley@gmail.com,worker,20
555,Tilly,Ricarda,Tilly.Ricarda@yopmail.com,Tilly.Ricarda@gmail.com,firefighter,40
556,Frieda,Raffo,Frieda.Raffo@yopmail.com,Frieda.Raffo@gmail.com,doctor,37
557,Christy,Sundin,Christy.Sundin@yopmail.com,Christy.Sundin@gmail.com,developer,22
558,Sam,Hermes,Sam.Hermes@yopmail.com,Sam.Hermes@gmail.com,police officer,21
559,Libbie,Revkah,Libbie.Revkah@yopmail.com,Libbie.Revkah@gmail.com,worker,40
560,Millie,Jerold,Millie.Jerold@yopmail.com,Millie.Jerold@gmail.com,police officer,26
561,Myriam,Teddman,Myriam.Teddman@yopmail.com,Myriam.Teddman@gmail.com,developer,40
562,Kerrin,Karylin,Kerrin.Karylin@yopmail.com,Kerrin.Karylin@gmail.com,police officer,34
563,Lizzie,Bonilla,Lizzie.Bonilla@yopmail.com,Lizzie.Bonilla@gmail.com,police officer,22
564,Chloris,Old,Chloris.Old@yopmail.com,Chloris.Old@gmail.com,worker,37
565,Goldie,Gaal,Goldie.Gaal@yopmail.com,Goldie.Gaal@gmail.com,police officer,30
566,Dulce,Colp,Dulce.Colp@yopmail.com,Dulce.Colp@gmail.com,worker,26
567,Katharina,Pattin,Katharina.Pattin@yopmail.com,Katharina.Pattin@gmail.com,worker,29
568,Hannis,Sasnett,Hannis.Sasnett@yopmail.com,Hannis.Sasnett@gmail.com,developer,37
569,Lelah,Septima,Lelah.Septima@yopmail.com,Lelah.Septima@gmail.com,police officer,22
570,Maridel,Doig,Maridel.Doig@yopmail.com,Maridel.Doig@gmail.com,doctor,35
571,Althea,Chrystel,Althea.Chrystel@yopmail.com,Althea.Chrystel@gmail.com,worker,29
572,Goldie,Dunkin,Goldie.Dunkin@yopmail.com,Goldie.Dunkin@gmail.com,police officer,20
573,Max,Faria,Max.Faria@yopmail.com,Max.Faria@gmail.com,developer,23
574,Marleah,Saint,Marleah.Saint@yopmail.com,Marleah.Saint@gmail.com,police officer,26
575,Lucille,Sammons,Lucille.Sammons@yopmail.com,Lucille.Sammons@gmail.com,worker,40
576,Audrie,Zetta,Audrie.Zetta@yopmail.com,Audrie.Zetta@gmail.com,firefighter,29
577,Amelia,Ingra,Amelia.Ingra@yopmail.com,Amelia.Ingra@gmail.com,police officer,30
578,Ida,Rolf,Ida.Rolf@yopmail.com,Ida.Rolf@gmail.com,firefighter,39
579,Maud,Cadmar,Maud.Cadmar@yopmail.com,Maud.Cadmar@gmail.com,police officer,25
580,Alyssa,Ehrman,Alyssa.Ehrman@yopmail.com,Alyssa.Ehrman@gmail.com,firefighter,23
581,Korrie,Noman,Korrie.Noman@yopmail.com,Korrie.Noman@gmail.com,worker,29
582,Elise,Isidore,Elise.Isidore@yopmail.com,Elise.Isidore@gmail.com,firefighter,38
583,Annora,Lorenz,Annora.Lorenz@yopmail.com,Annora.Lorenz@gmail.com,police officer,
584,Leona,Randene,Leona.Randene@yopmail.com,Leona.Randene@gmail.com,police officer,23
585,Ottilie,Chobot,Ottilie.Chobot@yopmail.com,Ottilie.Chobot@gmail.com,doctor,31
586,Eolanda,Ogren,Eolanda.Ogren@yopmail.com,Eolanda.Ogren@gmail.com,firefighter,21
587,Mignon,Vastah,Mignon.Vastah@yopmail.com,Mignon.Vastah@gmail.com,developer,31
588,Goldie,Lubin,Goldie.Lubin@yopmail.com,Goldie.Lubin@gmail.com,doctor,29
589,Dorthy,Mendez,Dorthy.Mendez@yopmail.com,Dorthy.Mendez@gmail.com,firefighter,27
590,Lenna,Nunci,Lenna.Nunci@yopmail.com,Lenna.Nunci@gmail.com,developer,26
591,Bobbi,Obed,Bobbi.Obed@yopmail.com,Bobbi.Obed@gmail.com,worker,33
592,Doro,Lorain,Doro.Lorain@yopmail.com,Doro.Lorain@gmail.com,doctor,33
593,Gwyneth,Annice,Gwyneth.Annice@yopmail.com,Gwyneth.Annice@gmail.com,police officer,35
594,Shaine,Parette,Shaine.Parette@yopmail.com,Shaine.Parette@gmail.com,worker,28
595,Gloria,Marisa,Gloria.Marisa@yopmail.com,Gloria.Marisa@gmail.com,developer,29
596,Olivette,Dorcy,Olivette.Dorcy@yopmail.com,Olivette.Dorcy@gmail.com,firefighter,40
597,Diena,Forrer,Diena.Forrer@yopmail.com,Diena.Forrer@gmail.com,police officer,23
598,Corly,Prober,Corly.Prober@yopmail.com,Corly.Prober@gmail.com,doctor,24
599,Kirstin,Ephrem,Kirstin.Ephrem@yopmail.com,Kirstin.Ephrem@gmail.com,developer,36
600,Veda,Verger,Veda.Verger@yopmail.com,Veda.Verger@gmail.com,worker,23
601,Tori,Alice,Tori.Alice@yopmail.com,Tori.Alice@gmail.com,police officer,30
602,Averyl,Loring,Averyl.Loring@yopmail.com,Averyl.Loring@gmail.com,developer,33
603,Julieta,Nicoline,Julieta.Nicoline@yopmail.com,Julieta.Nicoline@gmail.com,firefighter,39
604,Anica,Torray,Anica.Torray@yopmail.com,Anica.Torray@gmail.com,developer,36
605,Aimil,Dex,Aimil.Dex@yopmail.com,Aimil.Dex@gmail.com,worker,34
606,Sharlene,Kamaria,Sharlene.Kamaria@yopmail.com,Sharlene.Kamaria@gmail.com,doctor,28
607,Nannie,Narton,Nannie.Narton@yopmail.com,Nannie.Narton@gmail.com,police officer,23
608,Margalo,Johanna,Margalo.Johanna@yopmail.com,Margalo.Johanna@gmail.com,worker,22
609,Alleen,Hillel,Alleen.Hillel@yopmail.com,Alleen.Hillel@gmail.com,doctor,38
610,Andeee,Esmaria,Andeee.Esmaria@yopmail.com,Andeee.Esmaria@gmail.com,police officer,32
611,Emylee,Dyche,Emylee.Dyche@yopmail.com,Emylee.Dyche@gmail.com,doctor,29
612,Lynde,Kiersten,Lynde.Kiersten@yopmail.com,Lynde.Kiersten@gmail.com,firefighter,20
613,Adore,Etom,Adore.Etom@yopmail.com,Adore.Etom@gmail.com,worker,26
614,Marcy,Ciro,Marcy.Ciro@yopmail.com,Marcy.Ciro@gmail.com,doctor,35
615,Laurene,Richers,Laurene.Richers@yopmail.com,Laurene.Richers@gmail.com,worker,21
616,Kamilah,Mathilde,Kamilah.Mathilde@yopmail.com,Kamilah.Mathilde@gmail.com,worker,24
617,Tierney,Smitt,Tierney.Smitt@yopmail.com,Tierney.Smitt@gmail.com,doctor,21
618,Taffy,Dearborn,Taffy.Dearborn@yopmail.com,Taffy.Dearborn@gmail.com,worker,38
619,Iseabal,McNully,Iseabal.McNully@yopmail.com,Iseabal.McNully@gmail.com,firefighter,39
620,Dale,Land,Dale.Land@yopmail.com,Dale.Land@gmail.com,doctor,31
621,Miquela,Japeth,Miquela.Japeth@yopmail.com,Miquela.Japeth@gmail.com,doctor,27
622,Marita,Lindemann,Marita.Lindemann@yopmail.com,Marita.Lindemann@gmail.com,police officer,26
623,Danika,Michella,Danika.Michella@yopmail.com,Danika.Michella@gmail.com,police officer,31
624,Tabbatha,Connelly,Tabbatha.Connelly@yopmail.com,Tabbatha.Connelly@gmail.com,doctor,25
625,Deedee,Brodench,Deedee.Brodench@yopmail.com,Deedee.Brodench@gmail.com,worker,34
626,Esmeralda,Blake,Esmeralda.Blake@yopmail.com,Esmeralda.Blake@gmail.com,doctor,36
627,Mireielle,Prober,Mireielle.Prober@yopmail.com,Mireielle.Prober@gmail.com,police officer,39
628,Maisey,Eben,Maisey.Eben@yopmail.com,Maisey.Eben@gmail.com,police officer,34
629,Damaris,Harl,Damaris.Harl@yopmail.com,Damaris.Harl@gmail.com,worker,37
630,Susette,Rosalba,Susette.Rosalba@yopmail.com,Susette.Rosalba@gmail.com,developer,36
631,Charmaine,Ioab,Charmaine.Ioab@yopmail.com,Charmaine.Ioab@gmail.com,firefighter,25
632,Merci,Hunfredo,Merci.Hunfredo@yopmail.com,Merci.Hunfredo@gmail.com,police officer,23
633,Ronna,Florina,Ronna.Florina@yopmail.com,Ronna.Florina@gmail.com,police officer,22
634,Correy,Hourigan,Correy.Hourigan@yopmail.com,Correy.Hourigan@gmail.com,developer,28
635,Merci,Taam,Merci.Taam@yopmail.com,Merci.Taam@gmail.com,worker,27
636,Latisha,Greyson,Latisha.Greyson@yopmail.com,Latisha.Greyson@gmail.com,doctor,26
637,Aigneis,Bevin,Aigneis.Bevin@yopmail.com,Aigneis.Bevin@gmail.com,firefighter,22
638,Ebonee,Hutchison,Ebonee.Hutchison@yopmail.com,Ebonee.Hutchison@gmail.com,developer,32
639,Susan,Poll,Susan.Poll@yopmail.com,Susan.Poll@gmail.com,police officer,30
640,Myriam,Mintz,Myriam.Mintz@yopmail.com,Myriam.Mintz@gmail.com,firefighter,28
641,Clary,Old,Clary.Old@yopmail.com,Clary.Old@gmail.com,firefighter,37
642,Meriel,Tyson,Meriel.Tyson@yopmail.com,Meriel.Tyson@gmail.com,doctor,32
643,Norine,Strephon,Norine.Strephon@yopmail.com,Norine.Strephon@gmail.com,developer,27
644,Karlee,Salchunas,Karlee.Salchunas@yopmail.com,Karlee.Salchunas@gmail.com,firefighter,25
645,Melisent,Orpah,Melisent.Orpah@yopmail.com,Melisent.Orpah@gmail.com,doctor,25
646,Corene,Forrer,Corene.Forrer@yopmail.com,Corene.Forrer@gmail.com,developer,39
647,Pamella,Serilda,Pamella.Serilda@yopmail.com,Pamella.Serilda@gmail.com,firefighter,25
648,Roz,Odell,Roz.Odell@yopmail.com,Roz.Odell@gmail.com,police officer,38
649,Hettie,Toni,Hettie.Toni@yopmail.com,Hettie.Toni@gmail.com,firefighter,30
650,Arlina,Lesley,Arlina.Lesley@yopmail.com,Arlina.Lesley@gmail.com,firefighter,39
651,Natka,Cyrie,Natka.Cyrie@yopmail.com,Natka.Cyrie@gmail.com,firefighter,36
652,Albertina,Bryna,Albertina.Bryna@yopmail.com,Albertina.Bryna@gmail.com,developer,37
653,Adelle,Edee,Adelle.Edee@yopmail.com,Adelle.Edee@gmail.com,developer,25
654,Linzy,Allare,Linzy.Allare@yopmail.com,Linzy.Allare@gmail.com,police officer,25
655,Mireielle,Vorster,Mireielle.Vorster@yopmail.com,Mireielle.Vorster@gmail.com,police officer,27
656,Sindee,Stacy,Sindee.Stacy@yopmail.com,Sindee.Stacy@gmail.com,doctor,26
657,Abbie,Odysseus,Abbie.Odysseus@yopmail.com,Abbie.Odysseus@gmail.com,doctor,22
658,Maye,Solitta,Maye.Solitta@yopmail.com,Maye.Solitta@gmail.com,worker,28
659,Annora,Meli,Annora.Meli@yopmail.com,Annora.Meli@gmail.com,worker,39
660,Harrietta,Ader,Harrietta.Ader@yopmail.com,Harrietta.Ader@gmail.com,doctor,24
661,Dulce,Hertzfeld,Dulce.Hertzfeld@yopmail.com,Dulce.Hertzfeld@gmail.com,police officer,26
662,Nyssa,Greenwald,Nyssa.Greenwald@yopmail.com,Nyssa.Greenwald@gmail.com,developer,27
663,Marline,Shama,Marline.Shama@yopmail.com,Marline.Shama@gmail.com,police officer,39
664,Livvyy,Barrus,Livvyy.Barrus@yopmail.com,Livvyy.Barrus@gmail.com,worker,36
665,Gale,Pascia,Gale.Pascia@yopmail.com,Gale.Pascia@gmail.com,developer,28
666,Glynnis,Louanna,Glynnis.Louanna@yopmail.com,Glynnis.Louanna@gmail.com,firefighter,23
667,Kara-Lynn,Parsaye,Kara-Lynn.Parsaye@yopmail.com,Kara-Lynn.Parsaye@gmail.com,worker,24
668,Rani,Fleeta,Rani.Fleeta@yopmail.com,Rani.Fleeta@gmail.com,developer,30
669,Dari,Slifka,Dari.Slifka@yopmail.com,Dari.Slifka@gmail.com,doctor,25
670,Eolanda,Rudolph,Eolanda.Rudolph@yopmail.com,Eolanda.Rudolph@gmail.com,doctor,37
671,Genevra,Oster,Genevra.Oster@yopmail.com,Genevra.Oster@gmail.com,doctor,28
672,Tami,Kravits,Tami.Kravits@yopmail.com,Tami.Kravits@gmail.com,doctor,31
673,Elena,Bevin,Elena.Bevin@yopmail.com,Elena.Bevin@gmail.com,worker,31
674,Kate,Armanda,Kate.Armanda@yopmail.com,Kate.Armanda@gmail.com,doctor,28
675,Rhoda,Wildermuth,Rhoda.Wildermuth@yopmail.com,Rhoda.Wildermuth@gmail.com,worker,39
676,Caressa,Blisse,Caressa.Blisse@yopmail.com,Caressa.Blisse@gmail.com,developer,25
677,Shaine,Boehike,Shaine.Boehike@yopmail.com,Shaine.Boehike@gmail.com,worker,32
678,Rebeca,Michella,Rebeca.Michella@yopmail.com,Rebeca.Michella@gmail.com,police officer,39
679,Miquela,Rogerio,Miquela.Rogerio@yopmail.com,Miquela.Rogerio@gmail.com,developer,25
680,Sue,Burch,Sue.Burch@yopmail.com,Sue.Burch@gmail.com,police officer,24
681,Hollie,Seumas,Hollie.Seumas@yopmail.com,Hollie.Seumas@gmail.com,developer,35
682,Gabi,Means,Gabi.Means@yopmail.com,Gabi.Means@gmail.com,doctor,20
683,Melanie,Hamil,Melanie.Hamil@yopmail.com,Melanie.Hamil@gmail.com,worker,35
684,Berget,Schonfeld,Berget.Schonfeld@yopmail.com,Berget.Schonfeld@gmail.com,developer,38
685,Shaine,Sheedy,Shaine.Sheedy@yopmail.com,Shaine.Sheedy@gmail.com,developer,35
686,Angelique,Dimitris,Angelique.Dimitris@yopmail.com,Angelique.Dimitris@gmail.com,police officer,34
687,Madelle,Hoenack,Madelle.Hoenack@yopmail.com,Madelle.Hoenack@gmail.com,police officer,29
688,Eve,Latini,Eve.Latini@yopmail.com,Eve.Latini@gmail.com,developer,28
689,Binny,Even,Binny.Even@yopmail.com,Binny.Even@gmail.com,doctor,27
690,Rani,Amasa,Rani.Amasa@yopmail.com,Rani.Amasa@gmail.com,police officer,32
691,Rayna,Ventre,Rayna.Ventre@yopmail.com,Rayna.Ventre@gmail.com,developer,29
692,Heida,Obed,Heida.Obed@yopmail.com,Heida.Obed@gmail.com,developer,25
693,Orsola,Peti,Orsola.Peti@yopmail.com,Orsola.Peti@gmail.com,developer,20
694,Binny,Lesley,Binny.Lesley@yopmail.com,Binny.Lesley@gmail.com,police officer,38
695,Perry,Mitzi,Perry.Mitzi@yopmail.com,Perry.Mitzi@gmail.com,firefighter,38
696,Alleen,Lalitta,Alleen.Lalitta@yopmail.com,Alleen.Lalitta@gmail.com,firefighter,29
697,Gusella,Muriel,Gusella.Muriel@yopmail.com,Gusella.Muriel@gmail.com,developer,23
698,Libbie,Lunsford,Libbie.Lunsford@yopmail.com,Libbie.Lunsford@gmail.com,police officer,28
699,Viviene,Quent,Viviene.Quent@yopmail.com,Viviene.Quent@gmail.com,police officer,26
700,Feliza,Cottle,Feliza.Cottle@yopmail.com,Feliza.Cottle@gmail.com,worker,27
701,Claudina,Telfer,Claudina.Telfer@yopmail.com,Claudina.Telfer@gmail.com,firefighter,27
702,Consuela,Diann,Consuela.Diann@yopmail.com,Consuela.Diann@gmail.com,doctor,37
703,Ada,Wooster,Ada.Wooster@yopmail.com,Ada.Wooster@gmail.com,doctor,24
704,Beatriz,Chesna,Beatriz.Chesna@yopmail.com,Beatriz.Chesna@gmail.com,developer,34
705,Lulita,Penelopa,Lulita.Penelopa@yopmail.com,Lulita.Penelopa@gmail.com,firefighter,34
706,Jobi,Mayeda,Jobi.Mayeda@yopmail.com,Jobi.Mayeda@gmail.com,firefighter,30
707,Drucie,Freddi,Drucie.Freddi@yopmail.com,Drucie.Freddi@gmail.com,firefighter,30
708,Rozele,Rubie,Rozele.Rubie@yopmail.com,Rozele.Rubie@gmail.com,doctor,31
709,Imojean,Rurik,Imojean.Rurik@yopmail.com,Imojean.Rurik@gmail.com,developer,20
710,Fernande,Zrike,Fernande.Zrike@yopmail.com,Fernande.Zrike@gmail.com,police officer,39
711,Darci,Ajay,Darci.Ajay@yopmail.com,Darci.Ajay@gmail.com,firefighter,22
712,Margarette,Urania,Margarette.Urania@yopmail.com,Margarette.Urania@gmail.com,doctor,31
713,Doro,Atcliffe,Doro.Atcliffe@yopmail.com,Doro.Atcliffe@gmail.com,developer,39
714,Siana,Mata,Siana.Mata@yopmail.com,Siana.Mata@gmail.com,police officer,27
715,Carol-Jean,Callista,Carol-Jean.Callista@yopmail.com,Carol-Jean.Callista@gmail.com,developer,27
716,Alia,Adamsen,Alia.Adamsen@yopmail.com,Alia.Adamsen@gmail.com,worker,21
717,Jorry,Hilbert,Jorry.Hilbert@yopmail.com,Jorry.Hilbert@gmail.com,doctor,38
718,Chickie,Ferino,Chickie.Ferino@yopmail.com,Chickie.Ferino@gmail.com,worker,30
719,Amalie,Timon,Amalie.Timon@yopmail.com,Amalie.Timon@gmail.com,firefighter,32
720,Luci,Gamaliel,Luci.Gamaliel@yopmail.com,Luci.Gamaliel@gmail.com,doctor,23
721,Janey,Trace,Janey.Trace@yopmail.com,Janey.Trace@gmail.com,doctor,39
722,Lilith,Rhu,Lilith.Rhu@yopmail.com,Lilith.Rhu@gmail.com,police officer,38
723,Bettine,Delp,Bettine.Delp@yopmail.com,Bettine.Delp@gmail.com,developer,36
724,Veda,Rosette,Veda.Rosette@yopmail.com,Veda.Rosette@gmail.com,doctor,34
725,Ulrike,An,Ulrike.An@yopmail.com,Ulrike.An@gmail.com,worker,22
726,Juliane,Flyn,Juliane.Flyn@yopmail.com,Juliane.Flyn@gmail.com,worker,22
727,Elsie,Chem,Elsie.Chem@yopmail.com,Elsie.Chem@gmail.com,firefighter,33
728,Elfreda,Bergman,Elfreda.Bergman@yopmail.com,Elfreda.Bergman@gmail.com,developer,23
729,Marleah,Thilda,Marleah.Thilda@yopmail.com,Marleah.Thilda@gmail.com,police officer,26
730,Ariela,Schenck,Ariela.Schenck@yopmail.com,Ariela.Schenck@gmail.com,developer,34
731,Aubrie,Whiffen,Aubrie.Whiffen@yopmail.com,Aubrie.Whiffen@gmail.com,police officer,26
732,Gilda,Allare,Gilda.Allare@yopmail.com,Gilda.Allare@gmail.com,worker,29
733,Darci,Kathie,Darci.Kathie@yopmail.com,Darci.Kathie@gmail.com,worker,33
734,Teriann,Kenney,Teriann.Kenney@yopmail.com,Teriann.Kenney@gmail.com,police officer,25
735,Alyda,Nunci,Alyda.Nunci@yopmail.com,Alyda.Nunci@gmail.com,worker,29
736,Adore,Fiester,Adore.Fiester@yopmail.com,Adore.Fiester@gmail.com,doctor,26
737,Ileana,Zrike,Ileana.Zrike@yopmail.com,Ileana.Zrike@gmail.com,firefighter,29
738,Aryn,Annabella,Aryn.Annabella@yopmail.com,Aryn.Annabella@gmail.com,firefighter,27
739,Willetta,Ioab,Willetta.Ioab@yopmail.com,Willetta.Ioab@gmail.com,developer,23
740,Annora,Pillsbury,Annora.Pillsbury@yopmail.com,Annora.Pillsbury@gmail.com,firefighter,32
741,Berta,Corrine,Berta.Corrine@yopmail.com,Berta.Corrine@gmail.com,developer,25
742,Bertine,Silvan,Bertine.Silvan@yopmail.com,Bertine.Silvan@gmail.com,firefighter,24
743,Aryn,Hieronymus,Aryn.Hieronymus@yopmail.com,Aryn.Hieronymus@gmail.com,police officer,25
744,Nessie,Darrell,Nessie.Darrell@yopmail.com,Nessie.Darrell@gmail.com,developer,40
745,Stacey,Winnick,Stacey.Winnick@yopmail.com,Stacey.Winnick@gmail.com,worker,31
746,Celestyna,Maiah,Celestyna.Maiah@yopmail.com,Celestyna.Maiah@gmail.com,police officer,28
747,Abbie,Tamar,Abbie.Tamar@yopmail.com,Abbie.Tamar@gmail.com,worker,31
748,Leeanne,Alejoa,Leeanne.Alejoa@yopmail.com,Leeanne.Alejoa@gmail.com,developer,34
749,Kathy,Millda,Kathy.Millda@yopmail.com,Kathy.Millda@gmail.com,developer,27
750,Ekaterina,Silvan,Ekaterina.Silvan@yopmail.com,Ekaterina.Silvan@gmail.com,worker,38
751,Olwen,Salchunas,Olwen.Salchunas@yopmail.com,Olwen.Salchunas@gmail.com,worker,24
752,Emilia,Sandye,Emilia.Sandye@yopmail.com,Emilia.Sandye@gmail.com,worker,34
753,Mariann,Madox,Mariann.Madox@yopmail.com,Mariann.Madox@gmail.com,police officer,23
754,Clementine,Timon,Clementine.Timon@yopmail.com,Clementine.Timon@gmail.com,police officer,32
755,Agnese,Yate,Agnese.Yate@yopmail.com,Agnese.Yate@gmail.com,doctor,20
756,Estell,Burkle,Estell.Burkle@yopmail.com,Estell.Burkle@gmail.com,doctor,30
757,Ulrike,Wildermuth,Ulrike.Wildermuth@yopmail.com,Ulrike.Wildermuth@gmail.com,developer,20
758,Jorry,Daniele,Jorry.Daniele@yopmail.com,Jorry.Daniele@gmail.com,worker,22
759,Kathy,Schwejda,Kathy.Schwejda@yopmail.com,Kathy.Schwejda@gmail.com,police officer,33
760,Shaine,Bevin,Shaine.Bevin@yopmail.com,Shaine.Bevin@gmail.com,firefighter,27
761,Annabela,Dunkin,Annabela.Dunkin@yopmail.com,Annabela.Dunkin@gmail.com,police officer,35
762,Kary,Martsen,Kary.Martsen@yopmail.com,Kary.Martsen@gmail.com,firefighter,37
763,Dode,Gombach,Dode.Gombach@yopmail.com,Dode.Gombach@gmail.com,developer,30
764,Tybie,Rurik,Tybie.Rurik@yopmail.com,Tybie.Rurik@gmail.com,doctor,30
765,Mignon,Alejoa,Mignon.Alejoa@yopmail.com,Mignon.Alejoa@gmail.com,firefighter,26
766,Marinna,Roarke,Marinna.Roarke@yopmail.com,Marinna.Roarke@gmail.com,doctor,23
767,Deane,Jobi,Deane.Jobi@yopmail.com,Deane.Jobi@gmail.com,worker,20
768,Alisha,Wyn,Alisha.Wyn@yopmail.com,Alisha.Wyn@gmail.com,police officer,38
769,Modestia,Fillbert,Modestia.Fillbert@yopmail.com,Modestia.Fillbert@gmail.com,worker,38
770,Kathy,Brandice,Kathy.Brandice@yopmail.com,Kathy.Brandice@gmail.com,developer,20
771,Vivia,Anton,Vivia.Anton@yopmail.com,Vivia.Anton@gmail.com,police officer,28
772,Millie,Viddah,Millie.Viddah@yopmail.com,Millie.Viddah@gmail.com,firefighter,36
773,Elora,Rossner,Elora.Rossner@yopmail.com,Elora.Rossner@gmail.com,doctor,30
774,Fawne,Sawtelle,Fawne.Sawtelle@yopmail.com,Fawne.Sawtelle@gmail.com,firefighter,24
775,Edith,Rosette,Edith.Rosette@yopmail.com,Edith.Rosette@gmail.com,doctor,21
776,Caryl,Burkle,Caryl.Burkle@yopmail.com,Caryl.Burkle@gmail.com,firefighter,20
777,Veda,Fulmer,Veda.Fulmer@yopmail.com,Veda.Fulmer@gmail.com,firefighter,36
778,Cyndie,Sekofski,Cyndie.Sekofski@yopmail.com,Cyndie.Sekofski@gmail.com,doctor,21
779,Edyth,Allare,Edyth.Allare@yopmail.com,Edyth.Allare@gmail.com,firefighter,27
780,Vonny,Tatianas,Vonny.Tatianas@yopmail.com,Vonny.Tatianas@gmail.com,police officer,40
781,Lily,Yate,Lily.Yate@yopmail.com,Lily.Yate@gmail.com,police officer,38
782,Carly,Suanne,Carly.Suanne@yopmail.com,Carly.Suanne@gmail.com,developer,21
783,Rozele,Reneta,Rozele.Reneta@yopmail.com,Rozele.Reneta@gmail.com,worker,22
784,Tersina,Nickola,Tersina.Nickola@yopmail.com,Tersina.Nickola@gmail.com,worker,25
785,Tarra,Slifka,Tarra.Slifka@yopmail.com,Tarra.Slifka@gmail.com,developer,23
786,Dorice,Olnee,Dorice.Olnee@yopmail.com,Dorice.Olnee@gmail.com,worker,39
787,Norine,Jammal,Norine.Jammal@yopmail.com,Norine.Jammal@gmail.com,developer,22
788,Mallory,Lilybelle,Mallory.Lilybelle@yopmail.com,Mallory.Lilybelle@gmail.com,firefighter,32
789,Marguerite,Donoghue,Marguerite.Donoghue@yopmail.com,Marguerite.Donoghue@gmail.com,firefighter,34
790,Sara-Ann,Ajay,Sara-Ann.Ajay@yopmail.com,Sara-Ann.Ajay@gmail.com,developer,26
791,Dania,Read,Dania.Read@yopmail.com,Dania.Read@gmail.com,police officer,28
792,Belva,Wenda,Belva.Wenda@yopmail.com,Belva.Wenda@gmail.com,police officer,22
793,Annaliese,Peg,Annaliese.Peg@yopmail.com,Annaliese.Peg@gmail.com,worker,37
794,Leia,Darian,Leia.Darian@yopmail.com,Leia.Darian@gmail.com,doctor,33
795,Tori,Malvino,Tori.Malvino@yopmail.com,Tori.Malvino@gmail.com,developer,39
796,Lorenza,Demitria,Lorenza.Demitria@yopmail.com,Lorenza.Demitria@gmail.com,police officer,20
797,Gerrie,Ehrman,Gerrie.Ehrman@yopmail.com,Gerrie.Ehrman@gmail.com,firefighter,34
798,Dode,Imelida,Dode.Imelida@yopmail.com,Dode.Imelida@gmail.com,developer,40
799,Livvyy,Arley,Livvyy.Arley@yopmail.com,Livvyy.Arley@gmail.com,police officer,38
800,Sonni,Jeanne,Sonni.Jeanne@yopmail.com,Sonni.Jeanne@gmail.com,police officer,23
801,Lauryn,Delila,Lauryn.Delila@yopmail.com,Lauryn.Delila@gmail.com,developer,32
802,Fanny,Bettine,Fanny.Bettine@yopmail.com,Fanny.Bettine@gmail.com,worker,26
803,Nanete,Persse,Nanete.Persse@yopmail.com,Nanete.Persse@gmail.com,worker,28
804,Carmela,Eben,Carmela.Eben@yopmail.com,Carmela.Eben@gmail.com,worker,28
805,Giustina,Freddi,Giustina.Freddi@yopmail.com,Giustina.Freddi@gmail.com,doctor,26
806,Dode,Sheedy,Dode.Sheedy@yopmail.com,Dode.Sheedy@gmail.com,worker,32
807,Mellicent,Marcellus,Mellicent.Marcellus@yopmail.com,Mellicent.Marcellus@gmail.com,worker,31
808,Lisette,Carvey,Lisette.Carvey@yopmail.com,Lisette.Carvey@gmail.com,developer,27
809,Elka,Chaing,Elka.Chaing@yopmail.com,Elka.Chaing@gmail.com,developer,25
810,Kaja,Cleavland,Kaja.Cleavland@yopmail.com,Kaja.Cleavland@gmail.com,developer,31
811,Gui,Halsey,Gui.Halsey@yopmail.com,Gui.Halsey@gmail.com,firefighter,39
812,Mady,Matthew,Mady.Matthew@yopmail.com,Mady.Matthew@gmail.com,police officer,26
813,Talya,Noelyn,Talya.Noelyn@yopmail.com,Talya.Noelyn@gmail.com,developer,34
814,Diena,Evvie,Diena.Evvie@yopmail.com,Diena.Evvie@gmail.com,firefighter,39
815,Annice,Eachern,Annice.Eachern@yopmail.com,Annice.Eachern@gmail.com,developer,27
816,Suzette,Greyson,Suzette.Greyson@yopmail.com,Suzette.Greyson@gmail.com,developer,35
817,Debee,McLaughlin,Debee.McLaughlin@yopmail.com,Debee.McLaughlin@gmail.com,worker,36
818,Sophia,Even,Sophia.Even@yopmail.com,Sophia.Even@gmail.com,firefighter,22
819,Glenda,Pyle,Glenda.Pyle@yopmail.com,Glenda.Pyle@gmail.com,worker,30
820,Fina,Damarra,Fina.Damarra@yopmail.com,Fina.Damarra@gmail.com,developer,30
821,Tybie,Tillford,Tybie.Tillford@yopmail.com,Tybie.Tillford@gmail.com,developer,24
822,Cyb,Khorma,Cyb.Khorma@yopmail.com,Cyb.Khorma@gmail.com,police officer,28
823,Rochette,Eno,Rochette.Eno@yopmail.com,Rochette.Eno@gmail.com,worker,27
824,Cassondra,Kenwood,Cassondra.Kenwood@yopmail.com,Cassondra.Kenwood@gmail.com,worker,40
825,Gianina,Gale,Gianina.Gale@yopmail.com,Gianina.Gale@gmail.com,firefighter,31
826,Drucie,Rocray,Drucie.Rocray@yopmail.com,Drucie.Rocray@gmail.com,worker,21
827,Vevay,Seagraves,Vevay.Seagraves@yopmail.com,Vevay.Seagraves@gmail.com,police officer,21
828,Edee,Olnee,Edee.Olnee@yopmail.com,Edee.Olnee@gmail.com,police officer,32
829,Emelina,Yusuk,Emelina.Yusuk@yopmail.com,Emelina.Yusuk@gmail.com,police officer,28
830,Melina,Louanna,Melina.Louanna@yopmail.com,Melina.Louanna@gmail.com,doctor,33
831,Phedra,Minetta,Phedra.Minetta@yopmail.com,Phedra.Minetta@gmail.com,developer,29
832,Margarette,Cadmar,Margarette.Cadmar@yopmail.com,Margarette.Cadmar@gmail.com,developer,23
833,Nyssa,Niles,Nyssa.Niles@yopmail.com,Nyssa.Niles@gmail.com,worker,34
834,Trudie,Mallon,Trudie.Mallon@yopmail.com,Trudie.Mallon@gmail.com,developer,29
835,Sandie,Roscoe,Sandie.Roscoe@yopmail.com,Sandie.Roscoe@gmail.com,police officer,25
836,Joy,Ophelia,Joy.Ophelia@yopmail.com,Joy.Ophelia@gmail.com,worker,33
837,Tierney,Kirbee,Tierney.Kirbee@yopmail.com,Tierney.Kirbee@gmail.com,worker,37
838,Lulita,Gillan,Lulita.Gillan@yopmail.com,Lulita.Gillan@gmail.com,worker,35
839,Dorothy,Yate,Dorothy.Yate@yopmail.com,Dorothy.Yate@gmail.com,doctor,37
840,Ingrid,Olnee,Ingrid.Olnee@yopmail.com,Ingrid.Olnee@gmail.com,doctor,24
841,Nanete,Cottle,Nanete.Cottle@yopmail.com,Nanete.Cottle@gmail.com,firefighter,40
842,Kirbee,Uund,Kirbee.Uund@yopmail.com,Kirbee.Uund@gmail.com,worker,38
843,Dorene,Cordi,Dorene.Cordi@yopmail.com,Dorene.Cordi@gmail.com,police officer,36
844,Alyda,Lilybelle,Alyda.Lilybelle@yopmail.com,Alyda.Lilybelle@gmail.com,police officer,29
845,Madelle,Salchunas,Madelle.Salchunas@yopmail.com,Madelle.Salchunas@gmail.com,police officer,31
846,Coral,Milde,Coral.Milde@yopmail.com,Coral.Milde@gmail.com,firefighter,39
847,Raina,Ferrell,Raina.Ferrell@yopmail.com,Raina.Ferrell@gmail.com,firefighter,38
848,Arlena,Verger,Arlena.Verger@yopmail.com,Arlena.Verger@gmail.com,developer,24
849,Jasmina,Edison,Jasmina.Edison@yopmail.com,Jasmina.Edison@gmail.com,doctor,24
850,Maryellen,Sherfield,Maryellen.Sherfield@yopmail.com,Maryellen.Sherfield@gmail.com,developer,23
851,Lily,Yuille,Lily.Yuille@yopmail.com,Lily.Yuille@gmail.com,doctor,24
852,Valli,Ambrosia,Valli.Ambrosia@yopmail.com,Valli.Ambrosia@gmail.com,firefighter,25
853,Loree,Joeann,Loree.Joeann@yopmail.com,Loree.Joeann@gmail.com,doctor,25
854,Allyce,Carlson,Allyce.Carlson@yopmail.com,Allyce.Carlson@gmail.com,worker,26
855,Talya,Jerold,Talya.Jerold@yopmail.com,Talya.Jerold@gmail.com,police officer,25
856,Petronia,Kannry,Petronia.Kannry@yopmail.com,Petronia.Kannry@gmail.com,worker,34
857,Kerrin,Fabiola,Kerrin.Fabiola@yopmail.com,Kerrin.Fabiola@gmail.com,firefighter,32
858,Selma,Wilkinson,Selma.Wilkinson@yopmail.com,Selma.Wilkinson@gmail.com,police officer,29
859,Rosaline,Rudolph,Rosaline.Rudolph@yopmail.com,Rosaline.Rudolph@gmail.com,police officer,34
860,Chrystel,Velick,Chrystel.Velick@yopmail.com,Chrystel.Velick@gmail.com,firefighter,32
861,Tabbatha,Even,Tabbatha.Even@yopmail.com,Tabbatha.Even@gmail.com,doctor,22
862,Orelia,Capello,Orelia.Capello@yopmail.com,Orelia.Capello@gmail.com,firefighter,32
863,Sarette,Hoenack,Sarette.Hoenack@yopmail.com,Sarette.Hoenack@gmail.com,developer,35
864,Cissiee,Stanwood,Cissiee.Stanwood@yopmail.com,Cissiee.Stanwood@gmail.com,police officer,37
865,Jean,Lilas,Jean.Lilas@yopmail.com,Jean.Lilas@gmail.com,police officer,25
866,Beatriz,Gino,Beatriz.Gino@yopmail.com,Beatriz.Gino@gmail.com,developer,40
867,Monika,Vilma,Monika.Vilma@yopmail.com,Monika.Vilma@gmail.com,police officer,34
868,Maye,Levey,Maye.Levey@yopmail.com,Maye.Levey@gmail.com,developer,24
869,Natka,Thar,Natka.Thar@yopmail.com,Natka.Thar@gmail.com,doctor,40
870,Therine,Kosey,Therine.Kosey@yopmail.com,Therine.Kosey@gmail.com,worker,22
871,Deane,Hessler,Deane.Hessler@yopmail.com,Deane.Hessler@gmail.com,doctor,33
872,Bertine,Roxanna,Bertine.Roxanna@yopmail.com,Bertine.Roxanna@gmail.com,developer,37
873,Lacie,Peti,Lacie.Peti@yopmail.com,Lacie.Peti@gmail.com,police officer,36
874,Kenna,Noelyn,Kenna.Noelyn@yopmail.com,Kenna.Noelyn@gmail.com,developer,23
875,Quintina,Dimitris,Quintina.Dimitris@yopmail.com,Quintina.Dimitris@gmail.com,worker,35
876,Frank,Ackerley,Frank.Ackerley@yopmail.com,Frank.Ackerley@gmail.com,doctor,25
877,Gretal,Tacye,Gretal.Tacye@yopmail.com,Gretal.Tacye@gmail.com,worker,21
878,Molli,Stanwood,Molli.Stanwood@yopmail.com,Molli.Stanwood@gmail.com,police officer,23
879,Hallie,Isidore,Hallie.Isidore@yopmail.com,Hallie.Isidore@gmail.com,police officer,23
880,Korrie,Linskey,Korrie.Linskey@yopmail.com,Korrie.Linskey@gmail.com,developer,28
881,Taffy,Rugen,Taffy.Rugen@yopmail.com,Taffy.Rugen@gmail.com,worker,40
882,Carmencita,Schwejda,Carmencita.Schwejda@yopmail.com,Carmencita.Schwejda@gmail.com,doctor,39
883,Lelah,Melony,Lelah.Melony@yopmail.com,Lelah.Melony@gmail.com,police officer,28
884,Goldie,MacIntosh,Goldie.MacIntosh@yopmail.com,Goldie.MacIntosh@gmail.com,firefighter,27
885,Celene,Jammal,Celene.Jammal@yopmail.com,Celene.Jammal@gmail.com,developer,24
886,Ezmeralda,Angelis,Ezmeralda.Angelis@yopmail.com,Ezmeralda.Angelis@gmail.com,doctor,39
887,Nelle,Bahr,Nelle.Bahr@yopmail.com,Nelle.Bahr@gmail.com,worker,31
888,Gwenneth,Lutero,Gwenneth.Lutero@yopmail.com,Gwenneth.Lutero@gmail.com,doctor,39
889,Felice,Bartlett,Felice.Bartlett@yopmail.com,Felice.Bartlett@gmail.com,doctor,20
890,Joy,Artie,Joy.Artie@yopmail.com,Joy.Artie@gmail.com,worker,36
891,Demetris,Fleeta,Demetris.Fleeta@yopmail.com,Demetris.Fleeta@gmail.com,firefighter,28
892,Melanie,Malanie,Melanie.Malanie@yopmail.com,Melanie.Malanie@gmail.com,worker,34
893,Emilia,Kathie,Emilia.Kathie@yopmail.com,Emilia.Kathie@gmail.com,worker,33
894,Celene,Olnee,Celene.Olnee@yopmail.com,Celene.Olnee@gmail.com,developer,35
895,Dorthy,Pettiford,Dorthy.Pettiford@yopmail.com,Dorthy.Pettiford@gmail.com,firefighter,24
896,Micheline,Pettiford,Micheline.Pettiford@yopmail.com,Micheline.Pettiford@gmail.com,doctor,33
897,Courtnay,Torray,Courtnay.Torray@yopmail.com,Courtnay.Torray@gmail.com,developer,21
898,Shel,Gahl,Shel.Gahl@yopmail.com,Shel.Gahl@gmail.com,police officer,37
899,Deane,O'Carroll,Deane.O'Carroll@yopmail.com,Deane.O'Carroll@gmail.com,worker,24
900,Susette,Dosia,Susette.Dosia@yopmail.com,Susette.Dosia@gmail.com,worker,21
901,Christal,Syd,Christal.Syd@yopmail.com,Christal.Syd@gmail.com,doctor,40
902,Cecile,Gaal,Cecile.Gaal@yopmail.com,Cecile.Gaal@gmail.com,developer,37
903,Joleen,Pearse,Joleen.Pearse@yopmail.com,Joleen.Pearse@gmail.com,doctor,21
904,Tressa,Jacinda,Tressa.Jacinda@yopmail.com,Tressa.Jacinda@gmail.com,developer,27
905,Lucy,Remmer,Lucy.Remmer@yopmail.com,Lucy.Remmer@gmail.com,worker,37
906,Pollyanna,Cleavland,Pollyanna.Cleavland@yopmail.com,Pollyanna.Cleavland@gmail.com,doctor,30
907,Jaclyn,Nunci,Jaclyn.Nunci@yopmail.com,Jaclyn.Nunci@gmail.com,worker,39
908,Perry,Mayeda,Perry.Mayeda@yopmail.com,Perry.Mayeda@gmail.com,firefighter,25
909,Pollyanna,Mathilde,Pollyanna.Mathilde@yopmail.com,Pollyanna.Mathilde@gmail.com,police officer,38
910,Fernande,Pearse,Fernande.Pearse@yopmail.com,Fernande.Pearse@gmail.com,doctor,31
911,Drucie,Caitlin,Drucie.Caitlin@yopmail.com,Drucie.Caitlin@gmail.com,developer,28
912,Brietta,Sammons,Brietta.Sammons@yopmail.com,Brietta.Sammons@gmail.com,developer,36
913,Gisela,Joseph,Gisela.Joseph@yopmail.com,Gisela.Joseph@gmail.com,firefighter,34
914,Pollyanna,Adrienne,Pollyanna.Adrienne@yopmail.com,Pollyanna.Adrienne@gmail.com,firefighter,30
915,Almeta,Graig,Almeta.Graig@yopmail.com,Almeta.Graig@gmail.com,worker,37
916,Tybie,Tice,Tybie.Tice@yopmail.com,Tybie.Tice@gmail.com,doctor,32
917,Jennica,Loeb,Jennica.Loeb@yopmail.com,Jennica.Loeb@gmail.com,developer,20
918,Vevay,Concha,Vevay.Concha@yopmail.com,Vevay.Concha@gmail.com,firefighter,22
919,Adore,Hollingsworth,Adore.Hollingsworth@yopmail.com,Adore.Hollingsworth@gmail.com,firefighter,21
920,Sharlene,Lindemann,Sharlene.Lindemann@yopmail.com,Sharlene.Lindemann@gmail.com,doctor,30
921,Kirstin,Bakerman,Kirstin.Bakerman@yopmail.com,Kirstin.Bakerman@gmail.com,worker,33
922,Edith,Wiener,Edith.Wiener@yopmail.com,Edith.Wiener@gmail.com,worker,26
923,Gretal,Carlson,Gretal.Carlson@yopmail.com,Gretal.Carlson@gmail.com,doctor,36
924,Romona,Ashok,Romona.Ashok@yopmail.com,Romona.Ashok@gmail.com,developer,36
925,Alisha,Agle,Alisha.Agle@yopmail.com,Alisha.Agle@gmail.com,developer,37
926,Tierney,Pearse,Tierney.Pearse@yopmail.com,Tierney.Pearse@gmail.com,worker,39
927,Ivett,Rolf,Ivett.Rolf@yopmail.com,Ivett.Rolf@gmail.com,worker,23
928,Antonietta,Kaja,Antonietta.Kaja@yopmail.com,Antonietta.Kaja@gmail.com,worker,39
929,Rozele,Janene,Rozele.Janene@yopmail.com,Rozele.Janene@gmail.com,police officer,28
930,Felice,Zaslow,Felice.Zaslow@yopmail.com,Felice.Zaslow@gmail.com,worker,31
931,Maurene,Bohlin,Maurene.Bohlin@yopmail.com,Maurene.Bohlin@gmail.com,police officer,36
932,Sadie,Burnside,Sadie.Burnside@yopmail.com,Sadie.Burnside@gmail.com,developer,23
933,Fawne,Bakerman,Fawne.Bakerman@yopmail.com,Fawne.Bakerman@gmail.com,developer,28
934,Dale,Odysseus,Dale.Odysseus@yopmail.com,Dale.Odysseus@gmail.com,doctor,38
935,Gilda,Leffen,Gilda.Leffen@yopmail.com,Gilda.Leffen@gmail.com,doctor,32
936,Madeleine,Peti,Madeleine.Peti@yopmail.com,Madeleine.Peti@gmail.com,police officer,27
937,Correy,Kress,Correy.Kress@yopmail.com,Correy.Kress@gmail.com,firefighter,39
938,Bernie,Mathilde,Bernie.Mathilde@yopmail.com,Bernie.Mathilde@gmail.com,police officer,26
939,Shandie,Winthorpe,Shandie.Winthorpe@yopmail.com,Shandie.Winthorpe@gmail.com,police officer,36
940,Nita,Wittie,Nita.Wittie@yopmail.com,Nita.Wittie@gmail.com,firefighter,27
941,Thalia,Duwalt,Thalia.Duwalt@yopmail.com,Thalia.Duwalt@gmail.com,developer,22
942,Ada,Kussell,Ada.Kussell@yopmail.com,Ada.Kussell@gmail.com,developer,36
943,Bobinette,Diogenes,Bobinette.Diogenes@yopmail.com,Bobinette.Diogenes@gmail.com,developer,27
944,Aurore,Darbie,Aurore.Darbie@yopmail.com,Aurore.Darbie@gmail.com,police officer,38
945,Sissy,Dielu,Sissy.Dielu@yopmail.com,Sissy.Dielu@gmail.com,doctor,31
946,Sashenka,Sperling,Sashenka.Sperling@yopmail.com,Sashenka.Sperling@gmail.com,doctor,32
947,Vonny,Hortensia,Vonny.Hortensia@yopmail.com,Vonny.Hortensia@gmail.com,developer,32
948,Alyda,Clara,Alyda.Clara@yopmail.com,Alyda.Clara@gmail.com,developer,22
949,Flo,Pettiford,Flo.Pettiford@yopmail.com,Flo.Pettiford@gmail.com,firefighter,25
950,Mamie,Henrie,Mamie.Henrie@yopmail.com,Mamie.Henrie@gmail.com,worker,26
951,Margette,Grimbly,Margette.Grimbly@yopmail.com,Margette.Grimbly@gmail.com,doctor,36
952,Loree,Corilla,Loree.Corilla@yopmail.com,Loree.Corilla@gmail.com,developer,26
953,Julieta,Wolfgram,Julieta.Wolfgram@yopmail.com,Julieta.Wolfgram@gmail.com,firefighter,21
954,Phylis,Tjon,Phylis.Tjon@yopmail.com,Phylis.Tjon@gmail.com,police officer,38
955,Randa,Fancie,Randa.Fancie@yopmail.com,Randa.Fancie@gmail.com,worker,20
956,Dorene,Leffen,Dorene.Leffen@yopmail.com,Dorene.Leffen@gmail.com,police officer,37
957,Deedee,Lareena,Deedee.Lareena@yopmail.com,Deedee.Lareena@gmail.com,firefighter,37
958,Consuela,Vastah,Consuela.Vastah@yopmail.com,Consuela.Vastah@gmail.com,worker,21
959,Alyssa,Harday,Alyssa.Harday@yopmail.com,Alyssa.Harday@gmail.com,doctor,34
960,Winny,Abbot,Winny.Abbot@yopmail.com,Winny.Abbot@gmail.com,police officer,33
961,Emelina,Tice,Emelina.Tice@yopmail.com,Emelina.Tice@gmail.com,firefighter,33
962,Florie,Sasnett,Florie.Sasnett@yopmail.com,Florie.Sasnett@gmail.com,firefighter,30
963,Sara-Ann,Granoff,Sara-Ann.Granoff@yopmail.com,Sara-Ann.Granoff@gmail.com,firefighter,28
964,Ada,Whittaker,Ada.Whittaker@yopmail.com,Ada.Whittaker@gmail.com,developer,31
965,Nicoli,Kathie,Nicoli.Kathie@yopmail.com,Nicoli.Kathie@gmail.com,police officer,37
966,Miquela,Vanni,Miquela.Vanni@yopmail.com,Miquela.Vanni@gmail.com,worker,27
967,Vanessa,Llovera,Vanessa.Llovera@yopmail.com,Vanessa.Llovera@gmail.com,developer,36
968,Verla,Velick,Verla.Velick@yopmail.com,Verla.Velick@gmail.com,doctor,36
969,Sarette,Fabiola,Sarette.Fabiola@yopmail.com,Sarette.Fabiola@gmail.com,worker,21
970,Cyb,Willie,Cyb.Willie@yopmail.com,Cyb.Willie@gmail.com,doctor,22
971,Gertrud,Lewes,Gertrud.Lewes@yopmail.com,Gertrud.Lewes@gmail.com,developer,21
972,Amelia,Bouchard,Amelia.Bouchard@yopmail.com,Amelia.Bouchard@gmail.com,developer,27
973,Andeee,Presber,Andeee.Presber@yopmail.com,Andeee.Presber@gmail.com,firefighter,20
974,Meg,Skell,Meg.Skell@yopmail.com,Meg.Skell@gmail.com,developer,38
975,Mellicent,Sinegold,Mellicent.Sinegold@yopmail.com,Mellicent.Sinegold@gmail.com,firefighter,24
976,Modestia,Tacye,Modestia.Tacye@yopmail.com,Modestia.Tacye@gmail.com,firefighter,27
977,Nita,Berne,Nita.Berne@yopmail.com,Nita.Berne@gmail.com,police officer,20
978,Sybille,Taam,Sybille.Taam@yopmail.com,Sybille.Taam@gmail.com,police officer,22
979,Rochette,Burnside,Rochette.Burnside@yopmail.com,Rochette.Burnside@gmail.com,developer,20
980,Deane,Maurine,Deane.Maurine@yopmail.com,Deane.Maurine@gmail.com,firefighter,38
981,Reeba,Brotherson,Reeba.Brotherson@yopmail.com,Reeba.Brotherson@gmail.com,firefighter,25
982,Leeanne,Nikaniki,Leeanne.Nikaniki@yopmail.com,Leeanne.Nikaniki@gmail.com,worker,32
983,Ricky,Alejoa,Ricky.Alejoa@yopmail.com,Ricky.Alejoa@gmail.com,worker,36
984,Lily,Taam,Lily.Taam@yopmail.com,Lily.Taam@gmail.com,worker,37
985,Clo,Miru,Clo.Miru@yopmail.com,Clo.Miru@gmail.com,worker,37
986,Vevay,Raama,Vevay.Raama@yopmail.com,Vevay.Raama@gmail.com,firefighter,40
987,Kirstin,Bahr,Kirstin.Bahr@yopmail.com,Kirstin.Bahr@gmail.com,doctor,32
988,Imojean,Sisile,Imojean.Sisile@yopmail.com,Imojean.Sisile@gmail.com,developer,38
989,Roxane,Roscoe,Roxane.Roscoe@yopmail.com,Roxane.Roscoe@gmail.com,doctor,35
990,Joane,Bandeen,Joane.Bandeen@yopmail.com,Joane.Bandeen@gmail.com,doctor,34
991,Dione,Soneson,Dione.Soneson@yopmail.com,Dione.Soneson@gmail.com,developer,25
992,Zsa Zsa,Daveta,Zsa Zsa.Daveta@yopmail.com,Zsa Zsa.Daveta@gmail.com,police officer,22
993,Meg,Whiffen,Meg.Whiffen@yopmail.com,Meg.Whiffen@gmail.com,developer,33
994,Teddie,Dorothy,Teddie.Dorothy@yopmail.com,Teddie.Dorothy@gmail.com,developer,37
995,Ivett,Stover,Ivett.Stover@yopmail.com,Ivett.Stover@gmail.com,developer,35
996,Binny,Raseda,Binny.Raseda@yopmail.com,Binny.Raseda@gmail.com,doctor,26
997,Leia,Barney,Leia.Barney@yopmail.com,Leia.Barney@gmail.com,worker,32
998,Florencia,Marlie,Florencia.Marlie@yopmail.com,Florencia.Marlie@gmail.com,police officer,36
999,Arlina,Vins,Arlina.Vins@yopmail.com,Arlina.Vins@gmail.com,firefighter,21
1000,Daphne,Naashom,Daphne.Naashom@yopmail.com,Daphne.Naashom@gmail.com,developer,33
1001,Belva,Mintz,Belva.Mintz@yopmail.com,Belva.Mintz@gmail.com,developer,33
1002,Gusella,Catie,Gusella.Catie@yopmail.com,Gusella.Catie@gmail.com,firefighter,29
1003,Kamilah,Israeli,Kamilah.Israeli@yopmail.com,Kamilah.Israeli@gmail.com,police officer,39
1004,Barbi,Chobot,Barbi.Chobot@yopmail.com,Barbi.Chobot@gmail.com,doctor,31
1005,Ardys,Cornelia,Ardys.Cornelia@yopmail.com,Ardys.Cornelia@gmail.com,worker,23
1006,Emilia,Vale,Emilia.Vale@yopmail.com,Emilia.Vale@gmail.com,firefighter,33
1007,Ulrike,Berne,Ulrike.Berne@yopmail.com,Ulrike.Berne@gmail.com,police officer,31
1008,Genovera,Laverne,Genovera.Laverne@yopmail.com,Genovera.Laverne@gmail.com,developer,24
1009,Beatriz,Stelle,Beatriz.Stelle@yopmail.com,Beatriz.Stelle@gmail.com,police officer,25
1010,Halette,Catie,Halette.Catie@yopmail.com,Halette.Catie@gmail.com,developer,20
1011,Ulrike,Seessel,Ulrike.Seessel@yopmail.com,Ulrike.Seessel@gmail.com,worker,40
1012,Deane,Borrell,Deane.Borrell@yopmail.com,Deane.Borrell@gmail.com,police officer,20
1013,Ninnetta,Rheingold,Ninnetta.Rheingold@yopmail.com,Ninnetta.Rheingold@gmail.com,firefighter,29
1014,Constance,Killigrew,Constance.Killigrew@yopmail.com,Constance.Killigrew@gmail.com,police officer,30
1015,Emylee,Fry,Emylee.Fry@yopmail.com,Emylee.Fry@gmail.com,police officer,28
1016,Gisela,Brady,Gisela.Brady@yopmail.com,Gisela.Brady@gmail.com,worker,27
1017,Meghann,Bronk,Meghann.Bronk@yopmail.com,Meghann.Bronk@gmail.com,doctor,31
1018,Kore,Odell,Kore.Odell@yopmail.com,Kore.Odell@gmail.com,developer,27
1019,Tabbatha,Arne,Tabbatha.Arne@yopmail.com,Tabbatha.Arne@gmail.com,firefighter,26
1020,Kalina,Lynn,Kalina.Lynn@yopmail.com,Kalina.Lynn@gmail.com,developer,24
1021,Jsandye,Read,Jsandye.Read@yopmail.com,Jsandye.Read@gmail.com,worker,40
1022,Alameda,Janene,Alameda.Janene@yopmail.com,Alameda.Janene@gmail.com,developer,38
1023,Ardys,Felizio,Ardys.Felizio@yopmail.com,Ardys.Felizio@gmail.com,firefighter,37
1024,Henriette,Fennessy,Henriette.Fennessy@yopmail.com,Henriette.Fennessy@gmail.com,doctor,33
1025,Misha,Brady,Misha.Brady@yopmail.com,Misha.Brady@gmail.com,police officer,31
1026,Violet,Richers,Violet.Richers@yopmail.com,Violet.Richers@gmail.com,police officer,35
1027,Tatiania,Rosemary,Tatiania.Rosemary@yopmail.com,Tatiania.Rosemary@gmail.com,developer,24
1028,Chickie,Ioab,Chickie.Ioab@yopmail.com,Chickie.Ioab@gmail.com,developer,25
1029,Monika,Yorick,Monika.Yorick@yopmail.com,Monika.Yorick@gmail.com,developer,28
1030,Judy,Bord,Judy.Bord@yopmail.com,Judy.Bord@gmail.com,firefighter,31
1031,Melodie,Jary,Melodie.Jary@yopmail.com,Melodie.Jary@gmail.com,developer,34
1032,Gabi,Jobi,Gabi.Jobi@yopmail.com,Gabi.Jobi@gmail.com,developer,25
1033,Ebonee,Buttaro,Ebonee.Buttaro@yopmail.com,Ebonee.Buttaro@gmail.com,police officer,29
1034,Glenda,Sheng,Glenda.Sheng@yopmail.com,Glenda.Sheng@gmail.com,developer,21
1035,Consuela,Raul,Consuela.Raul@yopmail.com,Consuela.Raul@gmail.com,doctor,38
1036,Riannon,Firmin,Riannon.Firmin@yopmail.com,Riannon.Firmin@gmail.com,police officer,20
1037,Mathilda,Ferino,Mathilda.Ferino@yopmail.com,Mathilda.Ferino@gmail.com,worker,38
1038,Amara,Mitzi,Amara.Mitzi@yopmail.com,Amara.Mitzi@gmail.com,firefighter,34
1039,Carlie,Loleta,Carlie.Loleta@yopmail.com,Carlie.Loleta@gmail.com,firefighter,38
1040,Alexine,Florina,Alexine.Florina@yopmail.com,Alexine.Florina@gmail.com,doctor,38
1041,Fernande,Peonir,Fernande.Peonir@yopmail.com,Fernande.Peonir@gmail.com,police officer,36
1042,Mildrid,Nicoline,Mildrid.Nicoline@yopmail.com,Mildrid.Nicoline@gmail.com,firefighter,24
1043,Jessy,Noelyn,Jessy.Noelyn@yopmail.com,Jessy.Noelyn@gmail.com,worker,38
1044,Jordan,Loring,Jordan.Loring@yopmail.com,Jordan.Loring@gmail.com,doctor,30
1045,Brandise,Agle,Brandise.Agle@yopmail.com,Brandise.Agle@gmail.com,worker,20
1046,Kimberley,Agle,Kimberley.Agle@yopmail.com,Kimberley.Agle@gmail.com,doctor,20
1047,Fanny,Campball,Fanny.Campball@yopmail.com,Fanny.Campball@gmail.com,doctor,40
1048,Hyacinthe,Yorick,Hyacinthe.Yorick@yopmail.com,Hyacinthe.Yorick@gmail.com,doctor,31
1049,Rani,Avi,Rani.Avi@yopmail.com,Rani.Avi@gmail.com,police officer,34
1050,Janenna,Danby,Janenna.Danby@yopmail.com,Janenna.Danby@gmail.com,worker,28
1051,Dari,Darbie,Dari.Darbie@yopmail.com,Dari.Darbie@gmail.com,developer,37
1052,Selia,Gregrory,Selia.Gregrory@yopmail.com,Selia.Gregrory@gmail.com,police officer,21
1053,Yvonne,Uund,Yvonne.Uund@yopmail.com,Yvonne.Uund@gmail.com,firefighter,29
1054,Helsa,Gladstone,Helsa.Gladstone@yopmail.com,Helsa.Gladstone@gmail.com,worker,31
1055,Roslyn,Wolfgram,Roslyn.Wolfgram@yopmail.com,Roslyn.Wolfgram@gmail.com,developer,35
1056,Janis,Rona,Janis.Rona@yopmail.com,Janis.Rona@gmail.com,doctor,22
1057,Dolli,Helfand,Dolli.Helfand@yopmail.com,Dolli.Helfand@gmail.com,firefighter,24
1058,Mary,Lutero,Mary.Lutero@yopmail.com,Mary.Lutero@gmail.com,worker,25
1059,Shirlee,Modie,Shirlee.Modie@yopmail.com,Shirlee.Modie@gmail.com,developer,21
1060,Elyssa,Madelene,Elyssa.Madelene@yopmail.com,Elyssa.Madelene@gmail.com,doctor,39
1061,Wileen,Erskine,Wileen.Erskine@yopmail.com,Wileen.Erskine@gmail.com,firefighter,37
1062,Darlleen,Teryn,Darlleen.Teryn@yopmail.com,Darlleen.Teryn@gmail.com,firefighter,35
1063,Laure,Joachim,Laure.Joachim@yopmail.com,Laure.Joachim@gmail.com,doctor,29
1064,Aaren,Helfand,Aaren.Helfand@yopmail.com,Aaren.Helfand@gmail.com,police officer,31
1065,Nelle,Sheng,Nelle.Sheng@yopmail.com,Nelle.Sheng@gmail.com,police officer,25
1066,Millie,Wooster,Millie.Wooster@yopmail.com,Millie.Wooster@gmail.com,doctor,23
1067,Winifred,Malanie,Winifred.Malanie@yopmail.com,Winifred.Malanie@gmail.com,police officer,38
1068,Dulce,Rad,Dulce.Rad@yopmail.com,Dulce.Rad@gmail.com,developer,24
1069,Moyna,Bevin,Moyna.Bevin@yopmail.com,Moyna.Bevin@gmail.com,firefighter,29
1070,Merry,Socha,Merry.Socha@yopmail.com,Merry.Socha@gmail.com,doctor,30
1071,Clarice,Albertine,Clarice.Albertine@yopmail.com,Clarice.Albertine@gmail.com,doctor,27
1072,Dede,Nelsen,Dede.Nelsen@yopmail.com,Dede.Nelsen@gmail.com,doctor,26
1073,Lolita,Saree,Lolita.Saree@yopmail.com,Lolita.Saree@gmail.com,doctor,30
1074,Calla,Georgy,Calla.Georgy@yopmail.com,Calla.Georgy@gmail.com,police officer,24
1075,Priscilla,Dorine,Priscilla.Dorine@yopmail.com,Priscilla.Dorine@gmail.com,police officer,28
1076,Chandra,Garrison,Chandra.Garrison@yopmail.com,Chandra.Garrison@gmail.com,firefighter,20
1077,Annecorinne,Croix,Annecorinne.Croix@yopmail.com,Annecorinne.Croix@gmail.com,worker,40
1078,Yolane,Huggins,Yolane.Huggins@yopmail.com,Yolane.Huggins@gmail.com,police officer,39
1079,Mary,Ogren,Mary.Ogren@yopmail.com,Mary.Ogren@gmail.com,doctor,22
1080,Shandie,Ball,Shandie.Ball@yopmail.com,Shandie.Ball@gmail.com,doctor,37
1081,Marsiella,Rooney,Marsiella.Rooney@yopmail.com,Marsiella.Rooney@gmail.com,doctor,28
1082,Mureil,Cohdwell,Mureil.Cohdwell@yopmail.com,Mureil.Cohdwell@gmail.com,doctor,23
1083,Correy,Buttaro,Correy.Buttaro@yopmail.com,Correy.Buttaro@gmail.com,doctor,37
1084,Xylina,Zeeba,Xylina.Zeeba@yopmail.com,Xylina.Zeeba@gmail.com,firefighter,36
1085,Cyb,Donoghue,Cyb.Donoghue@yopmail.com,Cyb.Donoghue@gmail.com,police officer,32
1086,Jordan,Emerson,Jordan.Emerson@yopmail.com,Jordan.Emerson@gmail.com,doctor,31
1087,Sybille,Burkle,Sybille.Burkle@yopmail.com,Sybille.Burkle@gmail.com,police officer,25
1088,Damaris,Bow,Damaris.Bow@yopmail.com,Damaris.Bow@gmail.com,developer,34
1089,Ilse,Sparhawk,Ilse.Sparhawk@yopmail.com,Ilse.Sparhawk@gmail.com,developer,35
1090,Margarette,Fulmer,Margarette.Fulmer@yopmail.com,Margarette.Fulmer@gmail.com,firefighter,21
1091,Annaliese,Bivins,Annaliese.Bivins@yopmail.com,Annaliese.Bivins@gmail.com,doctor,28
1092,Lacie,Catie,Lacie.Catie@yopmail.com,Lacie.Catie@gmail.com,police officer,31
1093,Gisela,Faro,Gisela.Faro@yopmail.com,Gisela.Faro@gmail.com,police officer,27
1094,Magdalena,Bury,Magdalena.Bury@yopmail.com,Magdalena.Bury@gmail.com,developer,37
1095,Eadie,Loeb,Eadie.Loeb@yopmail.com,Eadie.Loeb@gmail.com,police officer,27
1096,Karly,Bergman,Karly.Bergman@yopmail.com,Karly.Bergman@gmail.com,developer,39
1097,Elyssa,Thar,Elyssa.Thar@yopmail.com,Elyssa.Thar@gmail.com,firefighter,28
1098,Perry,Mallon,Perry.Mallon@yopmail.com,Perry.Mallon@gmail.com,doctor,38
1099,Shirlee,Sacken,Shirlee.Sacken@yopmail.com,Shirlee.Sacken@gmail.com,police officer,33
